Material,"Estimated
Proportion"
Remainder/Composite Organic,0.008
Inerts and Other (category which includes the following material types),0.022000000000000002
Concrete,0.003
Asphalt Roofing,0.002
Gypsum Board,0.002
Carpet,0.001
"Rock, Soil and Fines",0.004
Remainder/Composite Inerts and Other,0.01
HHW (category which includes the following material types),0.003
Paint,0.001
Used Oil,0.0
Lead-acid (automotive) batteries,0.0
Other batteries,0.0
One-Pound or Less Propane Gas Cylinders,0.0
Pharmaceuticals,0.001
Remainder/Composite Household Hazardous,0.0
Special Waste (category which includes the following material types),0.02
Tires,0.001
Mattresses and Foundations,0.0
Bulky Items,0.018000000000000002
Remainder/Composite Special Waste,0.001
Miscellaneous (category which includes the following material types),0.23399999999999999
Textiles - Cloth and Clothing,0.032
"Textiles - Shoes, Purses, Belts",0.013000000000000001
Personal Protective Equipment (PPE),0.002
Solar Panels,0.0
Diapers & Sanitary Products,0.044000000000000004
Miscellaneous Inorganics,0.024
Mixed Residue,0.11900000000000001
Total,1.0
