Material,"Estimated
Proportion","Estimated
Tonnage"
Paper (category which includes the following material types),0.155,"6,193,825"
Corrugated Cardboard,0.040999999999999995,"1,643,490"
Paper Grocery Bags,0.001,"35,207"
Other Paper Bags/Kraft Paper,0.004,"149,019"
Newspapers/Newspaper Inserts,0.003,"111,208"
White Office-type Paper and Mail,0.006,"229,765"
Magazines and Catalogs,0.004,"145,977"
Folding Cartons and Other Paperboard Packaging,0.012,"495,138"
Aseptic Containers,0.001,"42,647"
Gable-top Cartons,0.001,"50,588"
Paper/Fiber Food Service Ware,0.021,"849,718"
Other Recyclable Paper,0.013000000000000001,"501,164"
Other Paper/Fiber - Packaging,0.008,"308,575"
Other Compostable Paper,0.035,"1,407,596"
Remainder/Composite Paper,0.006,"223,734"
Plastic (category which includes the following material types),0.13699999999999998,"5,445,299"
PETE Beverage Containers - CRV,0.006,"240,391"
PETE Bottles and Jars - Non-CRV,0.002,"84,250"
HDPE Beverage Containers - CRV,0.001,"24,042"
HDPE Bottles and Jars - Non-CRV,0.004,"161,107"
Expanded Polystyrene Packaging,0.002,"86,555"
Plastic Trash Bags,0.015,"591,581"
Plastic Grocery and Other Merchandise Bags,0.006,"231,072"
Film Products- Non-Packaging,0.005,"203,940"
Flexible Plastic Pouches,0.0,"15,464"
Non-Bag Commercial and Industrial Packaging Film,0.013999999999999999,"557,528"
Other Film Bags and Plastic Mailing Pouches,0.004,"155,443"
Rigid Plastic Food Service Ware,0.013000000000000001,"503,597"
Other Plastic Packaging,0.031,"1,247,468"
Durable Plastic Items,0.023,"901,707"
Remainder/Composite Plastic,0.011000000000000001,"441,155"
Glass (category which includes the following material types),0.023,"926,822"
Clear Glass Bottles and Containers - CRV,0.005,"186,445"
