Material,"Estimated
Proportion","Estimated
Tonnage"
Paper (category which includes the following material types),0.17600000000000002,"4,216,910"
Corrugated Cardboard,0.059000000000000004,"1,402,563"
Paper Grocery Bags,0.001,"28,803"
Other Paper Bags/Kraft Paper,0.004,"93,326"
Newspapers/Newspaper Inserts,0.004,"98,010"
White Office-type Paper and Mail,0.008,"183,442"
Magazines and Catalogs,0.003,"76,301"
Folding Cartons and Other Paperboard Packaging,0.016,"389,855"
Aseptic Containers,0.001,"18,320"
Gable-top Cartons,0.002,"40,066"
Paper/Fiber Food Service Ware,0.019,"456,814"
Other Recyclable Paper,0.011000000000000001,"262,406"
Other Paper/Fiber - Packaging,0.006999999999999999,"174,482"
Other Compostable Paper,0.033,"801,662"
Remainder/Composite Paper,0.008,"190,859"
Plastic (category which includes the following material types),0.15,"3,584,138"
PETE Beverage Containers - CRV,0.005,"120,818"
PETE Bottles and Jars - Non-CRV,0.002,"49,570"
HDPE Beverage Containers - CRV,0.001,"14,188"
HDPE Bottles and Jars - Non-CRV,0.004,"84,305"
Expanded Polystyrene Packaging,0.002,"47,419"
Plastic Trash Bags,0.021,"512,159"
Plastic Grocery and Other Merchandise Bags,0.006999999999999999,"158,374"
Film Products- Non-Packaging,0.006,"138,663"
Flexible Plastic Pouches,0.001,"26,076"
Non-Bag Commercial and Industrial Packaging Film,0.015,"354,885"
Other Film Bags and Plastic Mailing Pouches,0.004,"107,660"
Rigid Plastic Food Service Ware,0.012,"291,608"
Other Plastic Packaging,0.037000000000000005,"884,055"
Durable Plastic Items,0.017,"406,221"
Remainder/Composite Plastic,0.016,"388,138"
Glass (category which includes the following material types),0.016,"371,388"
Clear Glass Bottles and Containers - CRV,0.003,"74,620"
