Material,"Estimated
Proportion","Estimated
Tonnage"
Clean Pallets and Crates,0.006999999999999999,"159,155"
Treated/Painted/Stained Wood,0.034,"808,249"
Other Recyclable Wood,0.004,"86,375"
Remainder/Composite Organic,0.004,"89,804"
"Inerts and Other
(category which includes the following material types)",0.083,"1,979,678"
Concrete,0.015,"358,316"
Asphalt Roofing,0.006999999999999999,"159,803"
Gypsum Board,0.013000000000000001,"309,550"
Carpet,0.016,"371,494"
"Rock, Soil and Fines",0.008,"193,752"
Remainder/Composite Inerts and Other,0.025,"586,763"
HHW (category which includes the following material types),0.002,"37,049"
Paint,0.001,"18,883"
Used Oil,0.0,"1,924"
Lead-acid (automotive) batteries,0.0,-
Other batteries,0.0,"3,679"
One-Pound or Less Propane Gas Cylinders,0.0,874
Pharmaceuticals,0.0,"9,642"
Remainder/Composite Household Hazardous,0.0,"2,047"
Special Waste (category which includes the following material types),0.048,"1,155,039"
Tires,0.003,"71,004"
Mattresses and Foundations,0.011000000000000001,"257,345"
Bulky Items,0.032,"771,674"
Remainder/Composite Special Waste,0.002,"55,015"
Miscellaneous (category which includes the following material types),0.242,"5,790,722"
Textiles - Cloth and Clothing,0.037000000000000005,"894,924"
"Textiles - Shoes, Purses, Belts",0.006,"143,216"
Personal Protective Equipment (PPE),0.005,"122,462"
Solar Panels,0.0,-
Diapers & Sanitary Products,0.019,"466,383"
Miscellaneous Inorganics,0.02,"472,383"
Mixed Residue,0.154,"3,691,355"
Total,1.0,"23,930,322"
