Material,"Estimated
Proportion","Estimated
Tonnage"
Green Glass Bottles and Containers - CRV,0.0,"1,825"
Brown Glass Bottles and Containers - CRV,0.0,"3,025"
"Green and Brown Glass Bottles and Containers - Non-
CRV",0.001,"4,791"
Other Colored Glass Bottles and Containers,0.0,992
Remainder/Composite Glass,0.006999999999999999,"52,202"
Metal (category which includes the following material types),0.076,"600,161"
Tin/Steel Cans,0.001,"9,078"
Aluminum Cans - CRV,0.0,"3,115"
Aluminum Cans - Non-CRV,0.0,350
Major Appliances,0.009000000000000001,"72,310"
Other Ferrous,0.049,"384,798"
Other Non-Ferrous,0.011000000000000001,"87,585"
Remainder/Composite Metal,0.005,"42,925"
Electronics (category which includes the following material types),0.004,"28,294"
Covered Video Display Devices,0.0,-
Consumer Electronics and Small Equipment,0.003,"24,760"
Large Equipment,0.0,"3,535"
Organics (category which includes the following material types),0.364,"2,858,072"
"Food - Potentially Donatable - Vegetative
(Perishable/Fresh)",0.006999999999999999,"58,585"
"Food - Potentially Donatable - Eggs, Dairy, and Dairy
Alternatives",0.0,885
Food - Potentially Donatable - Meat,0.001,"7,157"
"Food - Potentially Donatable -
Cooked/Baked/Prepared Perishable Items",0.0,835
"Food - Potentially Donatable - Packaged Non-
perishable",0.002,"12,470"
Food - Not Donatable - Meat,0.001,"6,624"
Food - Not Donatable - Non-meat,0.005,"40,441"
Food - Inedible,0.001,"11,732"
Leaves and Grass,0.027000000000000003,"212,595"
Prunings and Trimmings,0.062,"483,851"
Branches and Stumps,0.025,"198,123"
Manures,0.0,-
Clean Dimensional Lumber,0.073,"570,338"
Clean Engineered Wood,0.039,"306,701"
Clean Pallets and Crates,0.025,"198,576"
