Material,"Estimated
Proportion","Estimated
Tonnage"
Food - Inedible,0.028999999999999998,"551,381"
Leaves and Grass,0.012,"237,692"
Prunings and Trimmings,0.011000000000000001,"203,243"
Branches and Stumps,0.002,"47,686"
Manures,0.008,"152,013"
Clean Dimensional Lumber,0.013999999999999999,"259,834"
Clean Engineered Wood,0.013000000000000001,"246,374"
Clean Pallets and Crates,0.019,"355,674"
Treated/Painted/Stained Wood,0.012,"230,364"
Other Recyclable Wood,0.002,"32,873"
Remainder/Composite Organic,0.013000000000000001,"247,495"
"Inerts and Other
(category which includes the following material types)",0.055,"1,048,968"
Concrete,0.01,"188,851"
Asphalt Roofing,0.001,"15,590"
Gypsum Board,0.006,"111,369"
Carpet,0.006999999999999999,"132,461"
"Rock, Soil and Fines",0.017,"321,815"
Remainder/Composite Inerts and Other,0.015,"278,881"
HHW (category which includes the following material types),0.004,"74,353"
Paint,0.002,"43,930"
Used Oil,0.0,"8,663"
Lead-acid (automotive) batteries,0.0,-
Other batteries,0.0,"4,363"
One-Pound or Less Propane Gas Cylinders,0.0,-
Pharmaceuticals,0.0,"7,673"
Remainder/Composite Household Hazardous,0.001,"9,723"
Special Waste (category which includes the following material types),0.057999999999999996,"1,110,993"
Tires,0.001,"21,732"
Mattresses and Foundations,0.016,"299,435"
Bulky Items,0.031,"590,101"
Remainder/Composite Special Waste,0.01,"199,724"
Miscellaneous (category which includes the following material types),0.165,"3,171,456"
Textiles - Cloth and Clothing,0.023,"449,653"
"Textiles - Shoes, Purses, Belts",0.006999999999999999,"132,323"
Personal Protective Equipment (PPE),0.009000000000000001,"178,894"
