Material,"Estimated
Proportion","Estimated
Tonnage"
Clear Glass Bottles and Containers - Non-CRV,0.006999999999999999,"259,524"
Green Glass Bottles and Containers - CRV,0.001,"54,722"
Brown Glass Bottles and Containers - CRV,0.002,"80,504"
"Green and Brown Glass Bottles and Containers - Non-
CRV",0.003,"121,024"
Other Colored Glass Bottles and Containers,0.001,"20,431"
Remainder/Composite Glass,0.005,"204,172"
Metal (category which includes the following material types),0.049,"1,960,400"
Tin/Steel Cans,0.004,"166,573"
Aluminum Cans - CRV,0.002,"90,180"
Aluminum Cans - Non-CRV,0.001,"30,017"
Major Appliances,0.004,"163,294"
Other Ferrous,0.024,"962,863"
Other Non-Ferrous,0.006999999999999999,"267,800"
Remainder/Composite Metal,0.006999999999999999,"279,672"
Electronics (category which includes the following material types),0.009000000000000001,"344,267"
Covered Video Display Devices,0.002,"64,725"
Consumer Electronics and Small Equipment,0.005,"182,716"
Large Equipment,0.002,"96,826"
Organics (category which includes the following material types),0.284,"11,305,710"
"Food - Potentially Donatable - Vegetative
(Perishable/Fresh)",0.015,"615,133"
"Food - Potentially Donatable - Eggs, Dairy, and Dairy
Alternatives",0.002,"98,000"
Food - Potentially Donatable - Meat,0.003,"111,229"
"Food - Potentially Donatable -
Cooked/Baked/Prepared Perishable Items",0.003,"114,977"
"Food - Potentially Donatable - Packaged Non-
perishable",0.013999999999999999,"577,199"
Food - Not Donatable - Meat,0.009000000000000001,"339,542"
Food - Not Donatable - Non-meat,0.04,"1,587,268"
Food - Inedible,0.023,"919,601"
Leaves and Grass,0.022000000000000002,"883,892"
Prunings and Trimmings,0.027999999999999997,"1,127,857"
