Material,"Estimated
Proportion","Estimated
Tonnage"
Food - Inedible,0.040999999999999995,"523,581"
Leaves and Grass,0.023,"300,790"
Prunings and Trimmings,0.021,"269,876"
Branches and Stumps,0.005,"60,416"
Manures,0.015,"191,940"
Clean Dimensional Lumber,0.004,"48,012"
Clean Engineered Wood,0.005,"69,334"
Clean Pallets and Crates,0.0,"4,181"
Treated/Painted/Stained Wood,0.013000000000000001,"166,935"
Other Recyclable Wood,0.002,"24,012"
Remainder/Composite Organic,0.006999999999999999,"91,616"
"Inerts and Other
(category which includes the following material types)",0.027000000000000003,"347,021"
Concrete,0.005,"68,935"
Asphalt Roofing,0.001,"16,660"
Gypsum Board,0.001,"14,982"
Carpet,0.006,"71,837"
"Rock, Soil and Fines",0.006999999999999999,"93,570"
Remainder/Composite Inerts and Other,0.006,"81,037"
HHW (category which includes the following material types),0.004,"50,247"
Paint,0.001,"17,132"
Used Oil,0.0,"2,468"
Lead-acid (automotive) batteries,0.001,"7,483"
Other batteries,0.0,"3,754"
One-Pound or Less Propane Gas Cylinders,0.0,679
Pharmaceuticals,0.001,"11,108"
Remainder/Composite Household Hazardous,0.001,"7,623"
Special Waste (category which includes the following material types),0.01,"127,697"
Tires,0.0,-
Mattresses and Foundations,0.003,"41,165"
Bulky Items,0.006,"76,245"
Remainder/Composite Special Waste,0.001,"10,287"
Miscellaneous (category which includes the following material types),0.278,"3,561,745"
Textiles - Cloth and Clothing,0.033,"425,979"
"Textiles - Shoes, Purses, Belts",0.006,"82,894"
Personal Protective Equipment (PPE),0.003,"35,696"
