Material,"Estimated
Proportion","Estimated
Tonnage"
Durable Plastic Items,0.012,"152,237"
Remainder/Composite Plastic,0.012,"158,780"
Glass (category which includes the following material types),0.027000000000000003,"342,280"
Clear Glass Bottles and Containers - CRV,0.005,"67,445"
Clear Glass Bottles and Containers - Non-CRV,0.009000000000000001,"117,736"
Green Glass Bottles and Containers - CRV,0.001,"15,688"
Brown Glass Bottles and Containers - CRV,0.002,"32,014"
"Green and Brown Glass Bottles and Containers - Non-
CRV",0.004,"54,856"
Other Colored Glass Bottles and Containers,0.001,"9,818"
Remainder/Composite Glass,0.003,"44,723"
Metal (category which includes the following material types),0.039,"593,571"
Tin/Steel Cans,0.008,"96,447"
Aluminum Cans - CRV,0.003,"41,728"
Aluminum Cans - Non-CRV,0.002,"22,101"
Major Appliances,0.0,"4,457"
Other Ferrous,0.01,"131,961"
Other Non-Ferrous,0.006,"80,521"
Remainder/Composite Metal,0.01,"125,864"
Electronics (category which includes the following material types),0.006999999999999999,"90,493"
Covered Video Display Devices,0.0,-
Consumer Electronics and Small Equipment,0.005,"66,407"
Large Equipment,0.002,"24,086"
Organics (category which includes the following material types),0.27,"3,452,551"
"Food - Potentially Donatable - Vegetative
(Perishable/Fresh)",0.02,"251,163"
"Food - Potentially Donatable - Eggs, Dairy, and Dairy
Alternatives",0.003,"38,031"
Food - Potentially Donatable - Meat,0.003,"40,791"
"Food - Potentially Donatable -
Cooked/Baked/Prepared Perishable Items",0.005,"66,666"
"Food - Potentially Donatable - Packaged Non-
perishable",0.021,"262,713"
Food - Not Donatable - Meat,0.013999999999999999,"183,677"
Food - Not Donatable - Non-meat,0.067,"858,815"
