Material,"Estimated
Proportion","Estimated
Tonnage"
Branches and Stumps,0.01,"399,439"
Manures,0.006999999999999999,"279,604"
Clean Dimensional Lumber,0.027999999999999997,"1,118,977"
Clean Engineered Wood,0.019,"751,487"
Clean Pallets and Crates,0.013999999999999999,"569,758"
Treated/Painted/Stained Wood,0.034,"1,362,209"
Other Recyclable Wood,0.002,"79,780"
Remainder/Composite Organic,0.009000000000000001,"369,758"
"Inerts and Other
(category which includes the following material types)",0.12,"4,770,238"
Concrete,0.019,"738,847"
Asphalt Roofing,0.013999999999999999,"543,279"
Gypsum Board,0.018000000000000002,"732,835"
Carpet,0.013000000000000001,"531,381"
"Rock, Soil and Fines",0.02,"794,968"
Remainder/Composite Inerts and Other,0.036000000000000004,"1,428,928"
HHW (category which includes the following material types),0.003,"121,346"
Paint,0.001,"59,006"
Used Oil,0.0,"10,504"
Lead-acid (automotive) batteries,0.0,"6,411"
Other batteries,0.0,"7,294"
One-Pound or Less Propane Gas Cylinders,0.0,712
Pharmaceuticals,0.0,"16,805"
Remainder/Composite Household Hazardous,0.001,"20,615"
Special Waste (category which includes the following material types),0.052000000000000005,"2,071,294"
Tires,0.001,"42,806"
Mattresses and Foundations,0.011000000000000001,"422,281"
Bulky Items,0.036000000000000004,"1,433,777"
Remainder/Composite Special Waste,0.004,"172,430"
Miscellaneous (category which includes the following material types),0.16899999999999998,"6,739,781"
Textiles - Cloth and Clothing,0.025,"982,659"
"Textiles - Shoes, Purses, Belts",0.005,"201,634"
Personal Protective Equipment (PPE),0.005,"188,168"
Solar Panels,0.0,-
Diapers & Sanitary Products,0.024,"961,992"
Miscellaneous Inorganics,0.015,"614,673"
