Material,"Estimated
Proportion","Estimated
Tonnage"
Clear Glass Bottles and Containers - Non-CRV,0.004,"95,683"
Green Glass Bottles and Containers - CRV,0.001,"27,257"
Brown Glass Bottles and Containers - CRV,0.002,"55,543"
"Green and Brown Glass Bottles and Containers - Non-
CRV",0.002,"55,304"
Other Colored Glass Bottles and Containers,0.0,"8,823"
Remainder/Composite Glass,0.002,"54,157"
Metal (category which includes the following material types),0.049,"1,178,624"
Tin/Steel Cans,0.003,"76,804"
Aluminum Cans - CRV,0.002,"54,492"
Aluminum Cans - Non-CRV,0.001,"15,284"
Major Appliances,0.004,"97,611"
Other Ferrous,0.027999999999999997,"671,132"
Other Non-Ferrous,0.005,"117,414"
Remainder/Composite Metal,0.006,"145,887"
Electronics (category which includes the following material types),0.006999999999999999,"157,152"
Covered Video Display Devices,0.0,-
Consumer Electronics and Small Equipment,0.003,"66,042"
Large Equipment,0.004,"91,111"
Organics (category which includes the following material types),0.228,"5,459,622"
"Food - Potentially Donatable - Vegetative
(Perishable/Fresh)",0.005,"116,034"
"Food - Potentially Donatable - Eggs, Dairy, and Dairy
Alternatives",0.001,"20,759"
Food - Potentially Donatable - Meat,0.001,"34,050"
"Food - Potentially Donatable -
Cooked/Baked/Prepared Perishable Items",0.001,"27,326"
"Food - Potentially Donatable - Packaged Non-
perishable",0.009000000000000001,"206,844"
Food - Not Donatable - Meat,0.005,"125,658"
Food - Not Donatable - Non-meat,0.025,"587,573"
Food - Inedible,0.011000000000000001,"273,110"
Leaves and Grass,0.043,"1,021,034"
Prunings and Trimmings,0.02,"488,397"
Branches and Stumps,0.01,"248,019"
Manures,0.0,"7,168"
Clean Dimensional Lumber,0.026000000000000002,"613,696"
Clean Engineered Wood,0.023,"546,373"
