Material,"Estimated
Proportion","Estimated
Tonnage"
Treated/Painted/Stained Wood,0.085,"667,208"
Other Recyclable Wood,0.002,"15,571"
Remainder/Composite Organic,0.008,"66,379"
"Inerts and Other
(category which includes the following material types)",0.311,"2,444,009"
Concrete,0.044000000000000004,"349,296"
Asphalt Roofing,0.045,"355,798"
Gypsum Board,0.054000000000000006,"425,507"
Carpet,0.028999999999999998,"226,985"
"Rock, Soil and Fines",0.040999999999999995,"320,358"
Remainder/Composite Inerts and Other,0.09699999999999999,"766,065"
HHW (category which includes the following material types),0.002,"12,216"
Paint,0.001,"6,148"
Used Oil,0.0,"1,153"
Lead-acid (automotive) batteries,0.0,-
Other batteries,0.0,182
One-Pound or Less Propane Gas Cylinders,0.0,-
Pharmaceuticals,0.0,61
Remainder/Composite Household Hazardous,0.001,"4,673"
Special Waste (category which includes the following material types),0.08800000000000001,"688,634"
Tires,0.001,"11,432"
Mattresses and Foundations,0.011000000000000001,"89,202"
Bulky Items,0.07400000000000001,"584,065"
Remainder/Composite Special Waste,0.001,"3,935"
Miscellaneous (category which includes the following material types),0.04,"317,491"
Textiles - Cloth and Clothing,0.013000000000000001,"105,371"
"Textiles - Shoes, Purses, Belts",0.001,"7,093"
Personal Protective Equipment (PPE),0.0,"3,574"
Solar Panels,0.0,-
Diapers & Sanitary Products,0.0,"2,794"
Miscellaneous Inorganics,0.011000000000000001,"85,021"
Mixed Residue,0.013999999999999999,"113,638"
Total,1.0,"7,862,416"
