Material,"Estimated
Proportion"
Green Glass Bottles and Containers - CRV,0.004
Brown Glass Bottles and Containers - CRV,0.006999999999999999
Green and Brown Glass Bottles and Containers - Non-CRV,0.009000000000000001
Other Colored Glass Bottles and Containers,0.002
Remainder/Composite Glass,0.008
Metal (category which includes the following material types),0.027000000000000003
Tin/Steel Cans,0.006
Aluminum Cans - CRV,0.004
Aluminum Cans - Non-CRV,0.001
Major Appliances,0.0
Other Ferrous,0.006999999999999999
Other Non-Ferrous,0.004
Remainder/Composite Metal,0.005
Electronics (category which includes the following material types),0.018000000000000002
Covered Video Display Devices,0.003
Consumer Electronics and Small Equipment,0.011000000000000001
Large Equipment,0.005
Organics (category which includes the following material types),0.278
Food - Potentially Donatable - Vegetative (Perishable/Fresh),0.031
"Food - Potentially Donatable - Eggs, Dairy, and Dairy Alternatives",0.009000000000000001
Food - Potentially Donatable - Meat,0.01
"Food - Potentially Donatable - Cooked/Baked/Prepared Perishable
Items",0.009000000000000001
Food - Potentially Donatable - Packaged Non-perishable,0.043
Food - Not Donatable - Meat,0.016
Food - Not Donatable - Non-meat,0.083
Food - Inedible,0.037000000000000005
Leaves and Grass,0.005
Prunings and Trimmings,0.002
Branches and Stumps,0.0
Manures,0.0
Clean Dimensional Lumber,0.003
Clean Engineered Wood,0.002
Clean Pallets and Crates,0.003
Treated/Painted/Stained Wood,0.017
Other Recyclable Wood,0.001
