Material,"Estimated
Proportion","Estimated
Tonnage"
Paper (category which includes the following material types),0.184,"2,358,482"
Corrugated Cardboard,0.018000000000000002,"226,676"
Paper Grocery Bags,0.001,"15,361"
Other Paper Bags/Kraft Paper,0.006,"71,145"
Newspapers/Newspaper Inserts,0.004,"45,864"
White Office-type Paper and Mail,0.008,"105,282"
Magazines and Catalogs,0.005,"66,928"
Folding Cartons and Other Paperboard Packaging,0.017,"214,417"
Aseptic Containers,0.001,"14,868"
Gable-top Cartons,0.002,"20,911"
Paper/Fiber Food Service Ware,0.035,"452,316"
Other Recyclable Paper,0.015,"197,131"
Other Paper/Fiber - Packaging,0.008,"101,070"
Other Compostable Paper,0.061,"775,280"
Remainder/Composite Paper,0.004,"51,234"
Plastic (category which includes the following material types),0.154,"1,976,620"
PETE Beverage Containers - CRV,0.006999999999999999,"88,242"
PETE Bottles and Jars - Non-CRV,0.004,"46,682"
HDPE Beverage Containers - CRV,0.001,"12,760"
HDPE Bottles and Jars - Non-CRV,0.006,"71,883"
Expanded Polystyrene Packaging,0.003,"32,858"
Plastic Trash Bags,0.019,"241,802"
Plastic Grocery and Other Merchandise Bags,0.011000000000000001,"139,479"
Film Products- Non-Packaging,0.003,"33,704"
Flexible Plastic Pouches,0.001,"8,564"
Non-Bag Commercial and Industrial Packaging Film,0.003,"33,418"
Other Film Bags and Plastic Mailing Pouches,0.008,"104,418"
Rigid Plastic Food Service Ware,0.019,"243,918"
Other Plastic Packaging,0.047,"607,875"
