Material,"Estimated
Proportion","Estimated
Tonnage"
Durable Plastic Items,0.026000000000000002,"497,433"
Remainder/Composite Plastic,0.013000000000000001,"259,124"
Glass (category which includes the following material types),0.032,"623,567"
Clear Glass Bottles and Containers - CRV,0.006999999999999999,"140,318"
Clear Glass Bottles and Containers - Non-CRV,0.009000000000000001,"178,151"
Green Glass Bottles and Containers - CRV,0.002,"46,186"
Brown Glass Bottles and Containers - CRV,0.003,"54,037"
"Green and Brown Glass Bottles and Containers - Non-
CRV",0.004,"78,735"
Other Colored Glass Bottles and Containers,0.001,"12,420"
Remainder/Composite Glass,0.006,"113,720"
Metal (category which includes the following material types),0.036000000000000004,"693,576"
Tin/Steel Cans,0.004,"79,740"
Aluminum Cans - CRV,0.003,"55,885"
Aluminum Cans - Non-CRV,0.001,"11,070"
Major Appliances,0.003,"59,393"
Other Ferrous,0.015,"287,328"
Other Non-Ferrous,0.004,"79,640"
Remainder/Composite Metal,0.006,"120,522"
Electronics (category which includes the following material types),0.013999999999999999,"271,724"
Covered Video Display Devices,0.004,"86,229"
Consumer Electronics and Small Equipment,0.006,"108,708"
Large Equipment,0.004,"76,787"
Organics (category which includes the following material types),0.247,"4,751,847"
"Food - Potentially Donatable - Vegetative
(Perishable/Fresh)",0.021,"401,467"
"Food - Potentially Donatable - Eggs, Dairy, and Dairy
Alternatives",0.004,"81,376"
Food - Potentially Donatable - Meat,0.004,"81,611"
"Food - Potentially Donatable -
Cooked/Baked/Prepared Perishable Items",0.004,"70,095"
"Food - Potentially Donatable - Packaged Non-
perishable",0.021,"404,806"
Food - Not Donatable - Meat,0.011000000000000001,"205,401"
Food - Not Donatable - Non-meat,0.049,"942,462"
