Material,"Estimated
Proportion","Estimated
Tonnage"
Paper (category which includes the following material types),0.212,"4,081,117"
Corrugated Cardboard,0.069,"1,320,833"
Paper Grocery Bags,0.001,"22,515"
Other Paper Bags/Kraft Paper,0.004,"85,702"
Newspapers/Newspaper Inserts,0.004,"75,355"
White Office-type Paper and Mail,0.006999999999999999,"137,394"
Magazines and Catalogs,0.003,"55,173"
Folding Cartons and Other Paperboard Packaging,0.017,"319,390"
Aseptic Containers,0.002,"35,744"
Gable-top Cartons,0.002,"35,024"
Paper/Fiber Food Service Ware,0.025,"481,898"
Other Recyclable Paper,0.017,"332,873"
Other Paper/Fiber - Packaging,0.013000000000000001,"246,548"
Other Compostable Paper,0.040999999999999995,"786,188"
Remainder/Composite Paper,0.008,"146,480"
Plastic (category which includes the following material types),0.17600000000000002,"3,378,755"
PETE Beverage Containers - CRV,0.009000000000000001,"181,542"
PETE Bottles and Jars - Non-CRV,0.002,"46,131"
HDPE Beverage Containers - CRV,0.001,"14,497"
HDPE Bottles and Jars - Non-CRV,0.006,"111,060"
Expanded Polystyrene Packaging,0.003,"50,759"
Plastic Trash Bags,0.02,"378,487"
Plastic Grocery and Other Merchandise Bags,0.006,"112,722"
Film Products- Non-Packaging,0.008,"148,581"
Flexible Plastic Pouches,0.0,"5,296"
Non-Bag Commercial and Industrial Packaging Film,0.026000000000000002,"499,982"
Other Film Bags and Plastic Mailing Pouches,0.003,"64,415"
Rigid Plastic Food Service Ware,0.016,"311,743"
Other Plastic Packaging,0.036000000000000004,"696,980"
