[
  {
    "page": 2,
    "text": "2021 Disposal Facility-based Waste\nCharacterization Data Tables\nThe following data tables display results from the 2021 Disposal Facility-based Waste\nCharacterization Study.\nTables showing composition of disposed material and estimated tonnages are provided\nfor:\n1) Total statewide disposal (includes all sectors);\n2) Commercial sector disposal (includes multi-family housing);\n3) Residential (single-family) disposal sector;\n4) Self-haul sector; and\n5) Transfer truck waste disposal sector.\nTransfer Truck Waste Disposal is a new source sector in this study and is waste\ncomingled at a transfer station and transported to a landfill, which includes waste from\nall sectors.\nAn additional table is also provided from for multi-family housing based on sampling at\nmulti-family housing units. The table only provides information on percentage\ncomposition as multi-family housing tonnage is included in the commercial sector.\n1"
  },
  {
    "page": 3,
    "text": "Table 1. Statewide Disposal\nEstimated Estimated\nMaterial\nProportion Tonnage\nPaper (category which includes the following material types) 15.5% 6,193,825\nCorrugated Cardboard 4.1% 1,643,490\nPaper Grocery Bags 0.1% 35,207\nOther Paper Bags/Kraft Paper 0.4% 149,019\nNewspapers/Newspaper Inserts 0.3% 111,208\nWhite Office-type Paper and Mail 0.6% 229,765\nMagazines and Catalogs 0.4% 145,977\nFolding Cartons and Other Paperboard Packaging 1.2% 495,138\nAseptic Containers 0.1% 42,647\nGable-top Cartons 0.1% 50,588\nPaper/Fiber Food Service Ware 2.1% 849,718\nOther Recyclable Paper 1.3% 501,164\nOther Paper/Fiber - Packaging 0.8% 308,575\nOther Compostable Paper 3.5% 1,407,596\nRemainder/Composite Paper 0.6% 223,734\nPlastic (category which includes the following material types) 13.7% 5,445,299\nPETE Beverage Containers - CRV 0.6% 240,391\nPETE Bottles and Jars - Non-CRV 0.2% 84,250\nHDPE Beverage Containers - CRV 0.1% 24,042\nHDPE Bottles and Jars - Non-CRV 0.4% 161,107\nExpanded Polystyrene Packaging 0.2% 86,555\nPlastic Trash Bags 1.5% 591,581\nPlastic Grocery and Other Merchandise Bags 0.6% 231,072\nFilm Products- Non-Packaging 0.5% 203,940\nFlexible Plastic Pouches 0.0% 15,464\nNon-Bag Commercial and Industrial Packaging Film 1.4% 557,528\nOther Film Bags and Plastic Mailing Pouches 0.4% 155,443\nRigid Plastic Food Service Ware 1.3% 503,597\nOther Plastic Packaging 3.1% 1,247,468\nDurable Plastic Items 2.3% 901,707\nRemainder/Composite Plastic 1.1% 441,155\nGlass (category which includes the following material types) 2.3% 926,822\nClear Glass Bottles and Containers - CRV 0.5% 186,445\n2"
  },
  {
    "page": 4,
    "text": "Estimated Estimated\nMaterial\nProportion Tonnage\nClear Glass Bottles and Containers - Non-CRV\n0.7% 259,524\nGreen Glass Bottles and Containers - CRV 0.1% 54,722\nBrown Glass Bottles and Containers - CRV 0.2% 80,504\nGreen and Brown Glass Bottles and Containers - Non-\n0.3% 121,024\nCRV\nOther Colored Glass Bottles and Containers 0.1% 20,431\nRemainder/Composite Glass 0.5% 204,172\nMetal (category which includes the following material types) 4.9% 1,960,400\nTin/Steel Cans 0.4% 166,573\nAluminum Cans - CRV 0.2% 90,180\nAluminum Cans - Non-CRV 0.1% 30,017\nMajor Appliances 0.4% 163,294\nOther Ferrous 2.4% 962,863\nOther Non-Ferrous 0.7% 267,800\nRemainder/Composite Metal 0.7% 279,672\nElectronics (category which includes the following material types) 0.9% 344,267\nCovered Video Display Devices 0.2% 64,725\nConsumer Electronics and Small Equipment 0.5% 182,716\nLarge Equipment 0.2% 96,826\nOrganics (category which includes the following material types) 28.4% 11,305,710\nFood - Potentially Donatable - Vegetative\n1.5% 615,133\n(Perishable/Fresh)\nFood - Potentially Donatable - Eggs, Dairy, and Dairy\n0.2% 98,000\nAlternatives\nFood - Potentially Donatable - Meat 0.3% 111,229\nFood - Potentially Donatable -\n0.3% 114,977\nCooked/Baked/Prepared Perishable Items\nFood - Potentially Donatable - Packaged Non-\n1.4% 577,199\nperishable\nFood - Not Donatable - Meat 0.9% 339,542\nFood - Not Donatable - Non-meat 4.0% 1,587,268\nFood - Inedible 2.3% 919,601\nLeaves and Grass 2.2% 883,892\nPrunings and Trimmings 2.8% 1,127,857\n3"
  },
  {
    "page": 5,
    "text": "Estimated Estimated\nMaterial\nProportion Tonnage\nBranches and Stumps 1.0% 399,439\nManures 0.7% 279,604\nClean Dimensional Lumber 2.8% 1,118,977\nClean Engineered Wood 1.9% 751,487\nClean Pallets and Crates 1.4% 569,758\nTreated/Painted/Stained Wood 3.4% 1,362,209\nOther Recyclable Wood 0.2% 79,780\nRemainder/Composite Organic 0.9% 369,758\nInerts and Other (category which includes the following material types) 12.0% 4,770,238\nConcrete 1.9% 738,847\nAsphalt Roofing 1.4% 543,279\nGypsum Board 1.8% 732,835\nCarpet 1.3% 531,381\nRock, Soil and Fines 2.0% 794,968\nRemainder/Composite Inerts and Other 3.6% 1,428,928\nHHW (category which includes the following material types) 0.3% 121,346\nPaint 0.1% 59,006\nUsed Oil 0.0% 10,504\nLead-acid (automotive) batteries 0.0% 6,411\nOther batteries 0.0% 7,294\nOne-Pound or Less Propane Gas Cylinders 0.0% 712\nPharmaceuticals 0.0% 16,805\nRemainder/Composite Household Hazardous 0.1% 20,615\nSpecial Waste (category which includes the following material types) 5.2% 2,071,294\nTires 0.1% 42,806\nMattresses and Foundations 1.1% 422,281\nBulky Items 3.6% 1,433,777\nRemainder/Composite Special Waste 0.4% 172,430\nMiscellaneous (category which includes the following material types) 16.9% 6,739,781\nTextiles - Cloth and Clothing 2.5% 982,659\nTextiles - Shoes, Purses, Belts 0.5% 201,634\nPersonal Protective Equipment (PPE) 0.5% 188,168\nSolar Panels 0.0% -\nDiapers & Sanitary Products 2.4% 961,992\nMiscellaneous Inorganics 1.5% 614,673\n4"
  },
  {
    "page": 6,
    "text": "Estimated Estimated\nMaterial\nProportion Tonnage\nMixed Residue 9.5% 3,790,656\nTotal 100.0% 39,878,983\nN=556\nTotals may not add up to 100 percent due to rounding\n* Solar Panels were not observed in any samples in this study\n5"
  },
  {
    "page": 7,
    "text": "Table 2. Franchised Residential (Single-family)\nStatewide Disposal\nEstimated Estimated\nMaterial\nProportion Tonnage\nPaper (category which includes the following material types) 18.4% 2,358,482\nCorrugated Cardboard 1.8% 226,676\nPaper Grocery Bags 0.1% 15,361\nOther Paper Bags/Kraft Paper 0.6% 71,145\nNewspapers/Newspaper Inserts 0.4% 45,864\nWhite Office-type Paper and Mail 0.8% 105,282\nMagazines and Catalogs 0.5% 66,928\nFolding Cartons and Other Paperboard Packaging\n1.7% 214,417\nAseptic Containers 0.1% 14,868\nGable-top Cartons 0.2% 20,911\nPaper/Fiber Food Service Ware 3.5% 452,316\nOther Recyclable Paper 1.5% 197,131\nOther Paper/Fiber - Packaging 0.8% 101,070\nOther Compostable Paper 6.1% 775,280\nRemainder/Composite Paper 0.4% 51,234\nPlastic (category which includes the following material types) 15.4% 1,976,620\nPETE Beverage Containers - CRV 0.7% 88,242\nPETE Bottles and Jars - Non-CRV 0.4% 46,682\nHDPE Beverage Containers - CRV 0.1% 12,760\nHDPE Bottles and Jars - Non-CRV 0.6% 71,883\nExpanded Polystyrene Packaging 0.3% 32,858\nPlastic Trash Bags 1.9% 241,802\nPlastic Grocery and Other Merchandise Bags 1.1% 139,479\nFilm Products- Non-Packaging 0.3% 33,704\nFlexible Plastic Pouches 0.1% 8,564\nNon-Bag Commercial and Industrial Packaging Film\n0.3% 33,418\nOther Film Bags and Plastic Mailing Pouches 0.8% 104,418\nRigid Plastic Food Service Ware 1.9% 243,918\nOther Plastic Packaging 4.7% 607,875\n6"
  },
  {
    "page": 8,
    "text": "Estimated Estimated\nMaterial\nProportion Tonnage\nDurable Plastic Items 1.2% 152,237\nRemainder/Composite Plastic 1.2% 158,780\nGlass (category which includes the following material types) 2.7% 342,280\nClear Glass Bottles and Containers - CRV 0.5% 67,445\nClear Glass Bottles and Containers - Non-CRV 0.9% 117,736\nGreen Glass Bottles and Containers - CRV 0.1% 15,688\nBrown Glass Bottles and Containers - CRV 0.2% 32,014\nGreen and Brown Glass Bottles and Containers - Non-\n0.4% 54,856\nCRV\nOther Colored Glass Bottles and Containers 0.1% 9,818\nRemainder/Composite Glass 0.3% 44,723\nMetal (category which includes the following material types) 3.9% 593,571\nTin/Steel Cans 0.8% 96,447\nAluminum Cans - CRV 0.3% 41,728\nAluminum Cans - Non-CRV 0.2% 22,101\nMajor Appliances 0.0% 4,457\nOther Ferrous 1.0% 131,961\nOther Non-Ferrous 0.6% 80,521\nRemainder/Composite Metal 1.0% 125,864\nElectronics (category which includes the following material types) 0.7% 90,493\nCovered Video Display Devices 0.0% -\nConsumer Electronics and Small Equipment 0.5% 66,407\nLarge Equipment 0.2% 24,086\nOrganics (category which includes the following material types) 27.0% 3,452,551\nFood - Potentially Donatable - Vegetative\n2.0% 251,163\n(Perishable/Fresh)\nFood - Potentially Donatable - Eggs, Dairy, and Dairy\n0.3% 38,031\nAlternatives\nFood - Potentially Donatable - Meat 0.3% 40,791\nFood - Potentially Donatable -\n0.5% 66,666\nCooked/Baked/Prepared Perishable Items\nFood - Potentially Donatable - Packaged Non-\n2.1% 262,713\nperishable\nFood - Not Donatable - Meat 1.4% 183,677\nFood - Not Donatable - Non-meat 6.7% 858,815\n7"
  },
  {
    "page": 9,
    "text": "Estimated Estimated\nMaterial\nProportion Tonnage\nFood - Inedible 4.1% 523,581\nLeaves and Grass 2.3% 300,790\nPrunings and Trimmings 2.1% 269,876\nBranches and Stumps 0.5% 60,416\nManures 1.5% 191,940\nClean Dimensional Lumber 0.4% 48,012\nClean Engineered Wood 0.5% 69,334\nClean Pallets and Crates 0.0% 4,181\nTreated/Painted/Stained Wood 1.3% 166,935\nOther Recyclable Wood 0.2% 24,012\nRemainder/Composite Organic 0.7% 91,616\nInerts and Other (category which includes the following material types) 2.7% 347,021\nConcrete 0.5% 68,935\nAsphalt Roofing 0.1% 16,660\nGypsum Board 0.1% 14,982\nCarpet 0.6% 71,837\nRock, Soil and Fines 0.7% 93,570\nRemainder/Composite Inerts and Other 0.6% 81,037\nHHW (category which includes the following material types) 0.4% 50,247\nPaint 0.1% 17,132\nUsed Oil 0.0% 2,468\nLead-acid (automotive) batteries 0.1% 7,483\nOther batteries 0.0% 3,754\nOne-Pound or Less Propane Gas Cylinders 0.0% 679\nPharmaceuticals 0.1% 11,108\nRemainder/Composite Household Hazardous 0.1% 7,623\nSpecial Waste (category which includes the following material types) 1.0% 127,697\nTires 0.0% -\nMattresses and Foundations 0.3% 41,165\nBulky Items 0.6% 76,245\nRemainder/Composite Special Waste 0.1% 10,287\nMiscellaneous (category which includes the following material types) 27.8% 3,561,745\nTextiles - Cloth and Clothing 3.3% 425,979\nTextiles - Shoes, Purses, Belts 0.6% 82,894\nPersonal Protective Equipment (PPE) 0.3% 35,696\n8"
  },
  {
    "page": 10,
    "text": "Estimated Estimated\nMaterial\nProportion Tonnage\nSolar Panels 0.0% -\nDiapers & Sanitary Products 5.4% 697,125\nMiscellaneous Inorganics 1.3% 166,082\nMixed Residue 16.8% 2,153,968\nTotal 100.0% 12,810,213\nN=153\nTotals may not add up to 100 percent due to rounding\n9"
  },
  {
    "page": 11,
    "text": "Table 3. Franchised Commercial (including Multi-\nfamily) Statewide Disposal\nEstimated Estimated\nMaterial\nProportion Tonnage\nPaper (category which includes the following material types) 21.2% 4,081,117\nCorrugated Cardboard 6.9% 1,320,833\nPaper Grocery Bags 0.1% 22,515\nOther Paper Bags/Kraft Paper 0.4% 85,702\nNewspapers/Newspaper Inserts 0.4% 75,355\nWhite Office-type Paper and Mail 0.7% 137,394\nMagazines and Catalogs 0.3% 55,173\nFolding Cartons and Other Paperboard Packaging\n1.7% 319,390\nAseptic Containers 0.2% 35,744\nGable-top Cartons 0.2% 35,024\nPaper/Fiber Food Service Ware 2.5% 481,898\nOther Recyclable Paper 1.7% 332,873\nOther Paper/Fiber - Packaging 1.3% 246,548\nOther Compostable Paper 4.1% 786,188\nRemainder/Composite Paper 0.8% 146,480\nPlastic (category which includes the following material types) 17.6% 3,378,755\nPETE Beverage Containers - CRV 0.9% 181,542\nPETE Bottles and Jars - Non-CRV 0.2% 46,131\nHDPE Beverage Containers - CRV 0.1% 14,497\nHDPE Bottles and Jars - Non-CRV 0.6% 111,060\nExpanded Polystyrene Packaging 0.3% 50,759\nPlastic Trash Bags 2.0% 378,487\nPlastic Grocery and Other Merchandise Bags 0.6% 112,722\nFilm Products- Non-Packaging 0.8% 148,581\nFlexible Plastic Pouches 0.0% 5,296\nNon-Bag Commercial and Industrial Packaging Film\n2.6% 499,982\nOther Film Bags and Plastic Mailing Pouches 0.3% 64,415\nRigid Plastic Food Service Ware 1.6% 311,743\nOther Plastic Packaging 3.6% 696,980\n10"
  },
  {
    "page": 12,
    "text": "Estimated Estimated\nMaterial\nProportion Tonnage\nDurable Plastic Items 2.6% 497,433\nRemainder/Composite Plastic 1.3% 259,124\nGlass (category which includes the following material types) 3.2% 623,567\nClear Glass Bottles and Containers - CRV 0.7% 140,318\nClear Glass Bottles and Containers - Non-CRV 0.9% 178,151\nGreen Glass Bottles and Containers - CRV 0.2% 46,186\nBrown Glass Bottles and Containers - CRV 0.3% 54,037\nGreen and Brown Glass Bottles and Containers - Non-\n0.4% 78,735\nCRV\nOther Colored Glass Bottles and Containers 0.1% 12,420\nRemainder/Composite Glass 0.6% 113,720\nMetal (category which includes the following material types) 3.6% 693,576\nTin/Steel Cans 0.4% 79,740\nAluminum Cans - CRV 0.3% 55,885\nAluminum Cans - Non-CRV 0.1% 11,070\nMajor Appliances 0.3% 59,393\nOther Ferrous 1.5% 287,328\nOther Non-Ferrous 0.4% 79,640\nRemainder/Composite Metal 0.6% 120,522\nElectronics (category which includes the following material types) 1.4% 271,724\nCovered Video Display Devices 0.4% 86,229\nConsumer Electronics and Small Equipment 0.6% 108,708\nLarge Equipment 0.4% 76,787\nOrganics (category which includes the following material types) 24.7% 4,751,847\nFood - Potentially Donatable - Vegetative\n2.1% 401,467\n(Perishable/Fresh)\nFood - Potentially Donatable - Eggs, Dairy, and Dairy\n0.4% 81,376\nAlternatives\nFood - Potentially Donatable - Meat 0.4% 81,611\nFood - Potentially Donatable -\n0.4% 70,095\nCooked/Baked/Prepared Perishable Items\nFood - Potentially Donatable - Packaged Non-\n2.1% 404,806\nperishable\nFood - Not Donatable - Meat 1.1% 205,401\nFood - Not Donatable - Non-meat 4.9% 942,462\n11"
  },
  {
    "page": 13,
    "text": "Estimated Estimated\nMaterial\nProportion Tonnage\nFood - Inedible 2.9% 551,381\nLeaves and Grass 1.2% 237,692\nPrunings and Trimmings 1.1% 203,243\nBranches and Stumps 0.2% 47,686\nManures 0.8% 152,013\nClean Dimensional Lumber 1.4% 259,834\nClean Engineered Wood 1.3% 246,374\nClean Pallets and Crates 1.9% 355,674\nTreated/Painted/Stained Wood 1.2% 230,364\nOther Recyclable Wood 0.2% 32,873\nRemainder/Composite Organic 1.3% 247,495\nInerts and Other (category which includes the following material types) 5.5% 1,048,968\nConcrete 1.0% 188,851\nAsphalt Roofing 0.1% 15,590\nGypsum Board 0.6% 111,369\nCarpet 0.7% 132,461\nRock, Soil and Fines 1.7% 321,815\nRemainder/Composite Inerts and Other 1.5% 278,881\nHHW (category which includes the following material types) 0.4% 74,353\nPaint 0.2% 43,930\nUsed Oil 0.0% 8,663\nLead-acid (automotive) batteries 0.0% -\nOther batteries 0.0% 4,363\nOne-Pound or Less Propane Gas Cylinders 0.0% -\nPharmaceuticals 0.0% 7,673\nRemainder/Composite Household Hazardous 0.1% 9,723\nSpecial Waste (category which includes the following material types) 5.8% 1,110,993\nTires 0.1% 21,732\nMattresses and Foundations 1.6% 299,435\nBulky Items 3.1% 590,101\nRemainder/Composite Special Waste 1.0% 199,724\nMiscellaneous (category which includes the following material types) 16.5% 3,171,456\nTextiles - Cloth and Clothing 2.3% 449,653\nTextiles - Shoes, Purses, Belts 0.7% 132,323\nPersonal Protective Equipment (PPE) 0.9% 178,894\n12"
  },
  {
    "page": 14,
    "text": "Estimated Estimated\nMaterial\nProportion Tonnage\nSolar Panels 0.0% -\nDiapers & Sanitary Products 2.0% 387,721\nMiscellaneous Inorganics 2.0% 377,974\nMixed Residue 8.6% 1,644,891\nTotal 100.0% 19,206,355\nN=201\nTotals may not add up to 100 percent due to rounding\n13"
  },
  {
    "page": 15,
    "text": "Table 4. Self-Hauled Statewide Disposal\nEstimated Estimated\nMaterial\nProportion Tonnage\nPaper (category which includes the following material types) 4.4% 344,798\nCorrugated Cardboard 2.3% 178,617\nPaper Grocery Bags 0.0% 599\nOther Paper Bags/Kraft Paper 0.1% 7,037\nNewspapers/Newspaper Inserts 0.0% 482\nWhite Office-type Paper and Mail 0.1% 6,456\nMagazines and Catalogs 0.3% 25,814\nFolding Cartons and Other Paperboard Packaging 0.1% 9,586\nAseptic Containers 0.0% 242\nGable-top Cartons 0.0% 274\nPaper/Fiber Food Service Ware 0.3% 23,120\nOther Recyclable Paper 0.4% 31,087\nOther Paper/Fiber - Packaging 0.1% 7,775\nOther Compostable Paper 0.3% 23,931\nRemainder/Composite Paper 0.4% 29,778\nPlastic (category which includes the following material types) 6.2% 489,491\nPETE Beverage Containers - CRV 0.1% 7,516\nPETE Bottles and Jars - Non-CRV 0.0% 1,590\nHDPE Beverage Containers - CRV 0.0% 75\nHDPE Bottles and Jars - Non-CRV 0.0% 2,546\nExpanded Polystyrene Packaging 0.1% 9,519\nPlastic Trash Bags 0.2% 17,011\nPlastic Grocery and Other Merchandise Bags 0.0% 2,337\nFilm Products- Non-Packaging 0.4% 30,837\nFlexible Plastic Pouches 0.0% 176\nNon-Bag Commercial and Industrial Packaging Film 0.9% 72,421\nOther Film Bags and Plastic Mailing Pouches 0.0% 1,087\nRigid Plastic Food Service Ware 0.2% 12,218\nOther Plastic Packaging 0.7% 51,260\nDurable Plastic Items 3.1% 243,060\nRemainder/Composite Plastic 0.5% 37,836\nGlass (category which includes the following material types) 1.0% 79,249\nClear Glass Bottles and Containers - CRV 0.1% 8,770\nClear Glass Bottles and Containers - Non-CRV 0.1% 7,646\n14"
  },
  {
    "page": 16,
    "text": "Estimated Estimated\nMaterial\nProportion Tonnage\nGreen Glass Bottles and Containers - CRV 0.0% 1,825\nBrown Glass Bottles and Containers - CRV 0.0% 3,025\nGreen and Brown Glass Bottles and Containers - Non-\n0.1% 4,791\nCRV\nOther Colored Glass Bottles and Containers 0.0% 992\nRemainder/Composite Glass 0.7% 52,202\nMetal (category which includes the following material types) 7.6% 600,161\nTin/Steel Cans 0.1% 9,078\nAluminum Cans - CRV 0.0% 3,115\nAluminum Cans - Non-CRV 0.0% 350\nMajor Appliances 0.9% 72,310\nOther Ferrous 4.9% 384,798\nOther Non-Ferrous 1.1% 87,585\nRemainder/Composite Metal 0.5% 42,925\nElectronics (category which includes the following material types) 0.4% 28,294\nCovered Video Display Devices 0.0% -\nConsumer Electronics and Small Equipment 0.3% 24,760\nLarge Equipment 0.0% 3,535\nOrganics (category which includes the following material types) 36.4% 2,858,072\nFood - Potentially Donatable - Vegetative\n0.7% 58,585\n(Perishable/Fresh)\nFood - Potentially Donatable - Eggs, Dairy, and Dairy\n0.0% 885\nAlternatives\nFood - Potentially Donatable - Meat 0.1% 7,157\nFood - Potentially Donatable -\n0.0% 835\nCooked/Baked/Prepared Perishable Items\nFood - Potentially Donatable - Packaged Non-\n0.2% 12,470\nperishable\nFood - Not Donatable - Meat 0.1% 6,624\nFood - Not Donatable - Non-meat 0.5% 40,441\nFood - Inedible 0.1% 11,732\nLeaves and Grass 2.7% 212,595\nPrunings and Trimmings 6.2% 483,851\nBranches and Stumps 2.5% 198,123\nManures 0.0% -\nClean Dimensional Lumber 7.3% 570,338\nClean Engineered Wood 3.9% 306,701\nClean Pallets and Crates 2.5% 198,576\n15"
  },
  {
    "page": 17,
    "text": "Estimated Estimated\nMaterial\nProportion Tonnage\nTreated/Painted/Stained Wood 8.5% 667,208\nOther Recyclable Wood 0.2% 15,571\nRemainder/Composite Organic 0.8% 66,379\nInerts and Other (category which includes the following material types) 31.1% 2,444,009\nConcrete 4.4% 349,296\nAsphalt Roofing 4.5% 355,798\nGypsum Board 5.4% 425,507\nCarpet 2.9% 226,985\nRock, Soil and Fines 4.1% 320,358\nRemainder/Composite Inerts and Other 9.7% 766,065\nHHW (category which includes the following material types) 0.2% 12,216\nPaint 0.1% 6,148\nUsed Oil 0.0% 1,153\nLead-acid (automotive) batteries 0.0% -\nOther batteries 0.0% 182\nOne-Pound or Less Propane Gas Cylinders 0.0% -\nPharmaceuticals 0.0% 61\nRemainder/Composite Household Hazardous 0.1% 4,673\nSpecial Waste (category which includes the following material types) 8.8% 688,634\nTires 0.1% 11,432\nMattresses and Foundations 1.1% 89,202\nBulky Items 7.4% 584,065\nRemainder/Composite Special Waste 0.1% 3,935\nMiscellaneous (category which includes the following material types) 4.0% 317,491\nTextiles - Cloth and Clothing 1.3% 105,371\nTextiles - Shoes, Purses, Belts 0.1% 7,093\nPersonal Protective Equipment (PPE) 0.0% 3,574\nSolar Panels 0.0% -\nDiapers & Sanitary Products 0.0% 2,794\nMiscellaneous Inorganics 1.1% 85,021\nMixed Residue 1.4% 113,638\nTotal 100.0% 7,862,416\nN=152\nTotals may not add up to 100 percent due to rounding\n16"
  },
  {
    "page": 18,
    "text": "Table 5. Transfer Truck Waste Statewide\nDisposal\nEstimated Estimated\nMaterial\nProportion Tonnage\nPaper (category which includes the following material types) 17.6% 4,216,910\nCorrugated Cardboard 5.9% 1,402,563\nPaper Grocery Bags 0.1% 28,803\nOther Paper Bags/Kraft Paper 0.4% 93,326\nNewspapers/Newspaper Inserts 0.4% 98,010\nWhite Office-type Paper and Mail 0.8% 183,442\nMagazines and Catalogs 0.3% 76,301\nFolding Cartons and Other Paperboard Packaging 1.6% 389,855\nAseptic Containers 0.1% 18,320\nGable-top Cartons 0.2% 40,066\nPaper/Fiber Food Service Ware 1.9% 456,814\nOther Recyclable Paper 1.1% 262,406\nOther Paper/Fiber - Packaging 0.7% 174,482\nOther Compostable Paper 3.3% 801,662\nRemainder/Composite Paper 0.8% 190,859\nPlastic (category which includes the following material types) 15.0% 3,584,138\nPETE Beverage Containers - CRV 0.5% 120,818\nPETE Bottles and Jars - Non-CRV 0.2% 49,570\nHDPE Beverage Containers - CRV 0.1% 14,188\nHDPE Bottles and Jars - Non-CRV 0.4% 84,305\nExpanded Polystyrene Packaging 0.2% 47,419\nPlastic Trash Bags 2.1% 512,159\nPlastic Grocery and Other Merchandise Bags 0.7% 158,374\nFilm Products- Non-Packaging 0.6% 138,663\nFlexible Plastic Pouches 0.1% 26,076\nNon-Bag Commercial and Industrial Packaging Film 1.5% 354,885\nOther Film Bags and Plastic Mailing Pouches 0.4% 107,660\nRigid Plastic Food Service Ware 1.2% 291,608\nOther Plastic Packaging 3.7% 884,055\nDurable Plastic Items 1.7% 406,221\nRemainder/Composite Plastic 1.6% 388,138\nGlass (category which includes the following material types) 1.6% 371,388\nClear Glass Bottles and Containers - CRV 0.3% 74,620\n17"
  },
  {
    "page": 19,
    "text": "Estimated Estimated\nMaterial\nProportion Tonnage\nClear Glass Bottles and Containers - Non-CRV 0.4% 95,683\nGreen Glass Bottles and Containers - CRV 0.1% 27,257\nBrown Glass Bottles and Containers - CRV 0.2% 55,543\nGreen and Brown Glass Bottles and Containers - Non-\n0.2% 55,304\nCRV\nOther Colored Glass Bottles and Containers 0.0% 8,823\nRemainder/Composite Glass 0.2% 54,157\nMetal (category which includes the following material types) 4.9% 1,178,624\nTin/Steel Cans 0.3% 76,804\nAluminum Cans - CRV 0.2% 54,492\nAluminum Cans - Non-CRV 0.1% 15,284\nMajor Appliances 0.4% 97,611\nOther Ferrous 2.8% 671,132\nOther Non-Ferrous 0.5% 117,414\nRemainder/Composite Metal 0.6% 145,887\nElectronics (category which includes the following material types) 0.7% 157,152\nCovered Video Display Devices 0.0% -\nConsumer Electronics and Small Equipment 0.3% 66,042\nLarge Equipment 0.4% 91,111\nOrganics (category which includes the following material types) 22.8% 5,459,622\nFood - Potentially Donatable - Vegetative\n0.5% 116,034\n(Perishable/Fresh)\nFood - Potentially Donatable - Eggs, Dairy, and Dairy\n0.1% 20,759\nAlternatives\nFood - Potentially Donatable - Meat 0.1% 34,050\nFood - Potentially Donatable -\n0.1% 27,326\nCooked/Baked/Prepared Perishable Items\nFood - Potentially Donatable - Packaged Non-\n0.9% 206,844\nperishable\nFood - Not Donatable - Meat 0.5% 125,658\nFood - Not Donatable - Non-meat 2.5% 587,573\nFood - Inedible 1.1% 273,110\nLeaves and Grass 4.3% 1,021,034\nPrunings and Trimmings 2.0% 488,397\nBranches and Stumps 1.0% 248,019\nManures 0.0% 7,168\nClean Dimensional Lumber 2.6% 613,696\nClean Engineered Wood 2.3% 546,373\n18"
  },
  {
    "page": 20,
    "text": "Estimated Estimated\nMaterial\nProportion Tonnage\nClean Pallets and Crates 0.7% 159,155\nTreated/Painted/Stained Wood 3.4% 808,249\nOther Recyclable Wood 0.4% 86,375\nRemainder/Composite Organic 0.4% 89,804\nInerts and Other (category which includes the following material types) 8.3% 1,979,678\nConcrete 1.5% 358,316\nAsphalt Roofing 0.7% 159,803\nGypsum Board 1.3% 309,550\nCarpet 1.6% 371,494\nRock, Soil and Fines 0.8% 193,752\nRemainder/Composite Inerts and Other 2.5% 586,763\nHHW (category which includes the following material types) 0.2% 37,049\nPaint 0.1% 18,883\nUsed Oil 0.0% 1,924\nLead-acid (automotive) batteries 0.0% -\nOther batteries 0.0% 3,679\nOne-Pound or Less Propane Gas Cylinders 0.0% 874\nPharmaceuticals 0.0% 9,642\nRemainder/Composite Household Hazardous 0.0% 2,047\nSpecial Waste (category which includes the following material types) 4.8% 1,155,039\nTires 0.3% 71,004\nMattresses and Foundations 1.1% 257,345\nBulky Items 3.2% 771,674\nRemainder/Composite Special Waste 0.2% 55,015\nMiscellaneous (category which includes the following material types) 24.2% 5,790,722\nTextiles - Cloth and Clothing 3.7% 894,924\nTextiles - Shoes, Purses, Belts 0.6% 143,216\nPersonal Protective Equipment (PPE) 0.5% 122,462\nSolar Panels 0.0% -\nDiapers & Sanitary Products 1.9% 466,383\nMiscellaneous Inorganics 2.0% 472,383\nMixed Residue 15.4% 3,691,355\nTotal 100.0% 23,930,322\nN=50\nTotals may not add up to 100 percent due to rounding\n19"
  },
  {
    "page": 21,
    "text": "Table 6: Multi-family Disposal\nEstimated\nMaterial\nProportion\nPaper (category which includes the following material types) 18.4%\nCorrugated Cardboard 2.4%\nPaper Grocery Bags 0.3%\nOther Paper Bags/Kraft Paper 0.6%\nNewspapers/Newspaper Inserts 1.1%\nWhite Office-type Paper and Mail 0.8%\nMagazines and Catalogs 0.4%\nFolding Cartons and Other Paperboard Packaging 1.9%\nAseptic Containers 0.1%\nGable-top Cartons 0.2%\nPaper/Fiber Food Service Ware 3.4%\nOther Recyclable Paper 1.1%\nOther Paper/Fiber - Packaging 0.7%\nOther Compostable Paper 4.9%\nRemainder/Composite Paper 0.3%\nPlastic (category which includes the following material types) 14.8%\nPETE Beverage Containers - CRV 1.7%\nPETE Bottles and Jars - Non-CRV 0.5%\nHDPE Beverage Containers - CRV 0.2%\nHDPE Bottles and Jars - Non-CRV 0.8%\nExpanded Polystyrene Packaging 0.2%\nPlastic Trash Bags 1.4%\nPlastic Grocery and Other Merchandise Bags 1.2%\nFilm Products- Non-Packaging 0.1%\nFlexible Plastic Pouches 0.1%\nNon-Bag Commercial and Industrial Packaging Film 0.1%\nOther Film Bags and Plastic Mailing Pouches 0.5%\nRigid Plastic Food Service Ware 1.9%\nOther Plastic Packaging 4.0%\nDurable Plastic Items 1.2%\nRemainder/Composite Plastic 0.9%\nGlass (category which includes the following material types) 6.7%\nClear Glass Bottles and Containers - CRV 1.3%\nClear Glass Bottles and Containers - Non-CRV 2.5%\n20"
  },
  {
    "page": 22,
    "text": "Estimated\nMaterial\nProportion\nGreen Glass Bottles and Containers - CRV 0.4%\nBrown Glass Bottles and Containers - CRV 0.7%\nGreen and Brown Glass Bottles and Containers - Non-CRV 0.9%\nOther Colored Glass Bottles and Containers 0.2%\nRemainder/Composite Glass 0.8%\nMetal (category which includes the following material types) 2.7%\nTin/Steel Cans 0.6%\nAluminum Cans - CRV 0.4%\nAluminum Cans - Non-CRV 0.1%\nMajor Appliances 0.0%\nOther Ferrous 0.7%\nOther Non-Ferrous 0.4%\nRemainder/Composite Metal 0.5%\nElectronics (category which includes the following material types) 1.8%\nCovered Video Display Devices 0.3%\nConsumer Electronics and Small Equipment 1.1%\nLarge Equipment 0.5%\nOrganics (category which includes the following material types) 27.8%\nFood - Potentially Donatable - Vegetative (Perishable/Fresh) 3.1%\nFood - Potentially Donatable - Eggs, Dairy, and Dairy Alternatives 0.9%\nFood - Potentially Donatable - Meat 1.0%\nFood - Potentially Donatable - Cooked/Baked/Prepared Perishable\n0.9%\nItems\nFood - Potentially Donatable - Packaged Non-perishable 4.3%\nFood - Not Donatable - Meat 1.6%\nFood - Not Donatable - Non-meat 8.3%\nFood - Inedible 3.7%\nLeaves and Grass 0.5%\nPrunings and Trimmings 0.2%\nBranches and Stumps 0.0%\nManures 0.0%\nClean Dimensional Lumber 0.3%\nClean Engineered Wood 0.2%\nClean Pallets and Crates 0.3%\nTreated/Painted/Stained Wood 1.7%\nOther Recyclable Wood 0.1%\n21"
  },
  {
    "page": 23,
    "text": "Estimated\nMaterial\nProportion\nRemainder/Composite Organic 0.8%\nInerts and Other (category which includes the following material types) 2.2%\nConcrete 0.3%\nAsphalt Roofing 0.2%\nGypsum Board 0.2%\nCarpet 0.1%\nRock, Soil and Fines 0.4%\nRemainder/Composite Inerts and Other 1.0%\nHHW (category which includes the following material types) 0.3%\nPaint 0.1%\nUsed Oil 0.0%\nLead-acid (automotive) batteries 0.0%\nOther batteries 0.0%\nOne-Pound or Less Propane Gas Cylinders 0.0%\nPharmaceuticals 0.1%\nRemainder/Composite Household Hazardous 0.0%\nSpecial Waste (category which includes the following material types) 2.0%\nTires 0.1%\nMattresses and Foundations 0.0%\nBulky Items 1.8%\nRemainder/Composite Special Waste 0.1%\nMiscellaneous (category which includes the following material types) 23.4%\nTextiles - Cloth and Clothing 3.2%\nTextiles - Shoes, Purses, Belts 1.3%\nPersonal Protective Equipment (PPE) 0.2%\nSolar Panels 0.0%\nDiapers & Sanitary Products 4.4%\nMiscellaneous Inorganics 2.4%\nMixed Residue 11.9%\nTotal 100.0%\nN=50\nTotals may not add up to 100 percent due to rounding\n22"
  }
]