Material,"Estimated
Proportion","Estimated
Tonnage"
Treated/Painted/Stained Wood,8.5%,"667,208"
Other Recyclable Wood,0.2%,"15,571"
Remainder/Composite Organic,0.8%,"66,379"
"Inerts and Other
(category which includes the following material types)",31.1%,"2,444,009"
Concrete,4.4%,"349,296"
Asphalt Roofing,4.5%,"355,798"
Gypsum Board,5.4%,"425,507"
Carpet,2.9%,"226,985"
"Rock, Soil and Fines",4.1%,"320,358"
Remainder/Composite Inerts and Other,9.7%,"766,065"
HHW (category which includes the following material types),0.2%,"12,216"
Paint,0.1%,"6,148"
Used Oil,0.0%,"1,153"
Lead-acid (automotive) batteries,0.0%,-
Other batteries,0.0%,182
One-Pound or Less Propane Gas Cylinders,0.0%,-
Pharmaceuticals,0.0%,61
Remainder/Composite Household Hazardous,0.1%,"4,673"
Special Waste (category which includes the following material types),8.8%,"688,634"
Tires,0.1%,"11,432"
Mattresses and Foundations,1.1%,"89,202"
Bulky Items,7.4%,"584,065"
Remainder/Composite Special Waste,0.1%,"3,935"
Miscellaneous (category which includes the following material types),4.0%,"317,491"
Textiles - Cloth and Clothing,1.3%,"105,371"
"Textiles - Shoes, Purses, Belts",0.1%,"7,093"
Personal Protective Equipment (PPE),0.0%,"3,574"
Solar Panels,0.0%,-
Diapers & Sanitary Products,0.0%,"2,794"
Miscellaneous Inorganics,1.1%,"85,021"
Mixed Residue,1.4%,"113,638"
Total,100.0%,"7,862,416"
