Material,"Estimated
Proportion","Estimated
Tonnage"
Paper (category which includes the following material types),15.5%,"6,193,825"
Corrugated Cardboard,4.1%,"1,643,490"
Paper Grocery Bags,0.1%,"35,207"
Other Paper Bags/Kraft Paper,0.4%,"149,019"
Newspapers/Newspaper Inserts,0.3%,"111,208"
White Office-type Paper and Mail,0.6%,"229,765"
Magazines and Catalogs,0.4%,"145,977"
Folding Cartons and Other Paperboard Packaging,1.2%,"495,138"
Aseptic Containers,0.1%,"42,647"
Gable-top Cartons,0.1%,"50,588"
Paper/Fiber Food Service Ware,2.1%,"849,718"
Other Recyclable Paper,1.3%,"501,164"
Other Paper/Fiber - Packaging,0.8%,"308,575"
Other Compostable Paper,3.5%,"1,407,596"
Remainder/Composite Paper,0.6%,"223,734"
Plastic (category which includes the following material types),13.7%,"5,445,299"
PETE Beverage Containers - CRV,0.6%,"240,391"
PETE Bottles and Jars - Non-CRV,0.2%,"84,250"
HDPE Beverage Containers - CRV,0.1%,"24,042"
HDPE Bottles and Jars - Non-CRV,0.4%,"161,107"
Expanded Polystyrene Packaging,0.2%,"86,555"
Plastic Trash Bags,1.5%,"591,581"
Plastic Grocery and Other Merchandise Bags,0.6%,"231,072"
Film Products- Non-Packaging,0.5%,"203,940"
Flexible Plastic Pouches,0.0%,"15,464"
Non-Bag Commercial and Industrial Packaging Film,1.4%,"557,528"
Other Film Bags and Plastic Mailing Pouches,0.4%,"155,443"
Rigid Plastic Food Service Ware,1.3%,"503,597"
Other Plastic Packaging,3.1%,"1,247,468"
Durable Plastic Items,2.3%,"901,707"
Remainder/Composite Plastic,1.1%,"441,155"
Glass (category which includes the following material types),2.3%,"926,822"
Clear Glass Bottles and Containers - CRV,0.5%,"186,445"
