Material,"Estimated
Proportion","Estimated
Tonnage"
Clear Glass Bottles and Containers - Non-CRV,0.7%,"259,524"
Green Glass Bottles and Containers - CRV,0.1%,"54,722"
Brown Glass Bottles and Containers - CRV,0.2%,"80,504"
"Green and Brown Glass Bottles and Containers - Non-
CRV",0.3%,"121,024"
Other Colored Glass Bottles and Containers,0.1%,"20,431"
Remainder/Composite Glass,0.5%,"204,172"
Metal (category which includes the following material types),4.9%,"1,960,400"
Tin/Steel Cans,0.4%,"166,573"
Aluminum Cans - CRV,0.2%,"90,180"
Aluminum Cans - Non-CRV,0.1%,"30,017"
Major Appliances,0.4%,"163,294"
Other Ferrous,2.4%,"962,863"
Other Non-Ferrous,0.7%,"267,800"
Remainder/Composite Metal,0.7%,"279,672"
Electronics (category which includes the following material types),0.9%,"344,267"
Covered Video Display Devices,0.2%,"64,725"
Consumer Electronics and Small Equipment,0.5%,"182,716"
Large Equipment,0.2%,"96,826"
Organics (category which includes the following material types),28.4%,"11,305,710"
"Food - Potentially Donatable - Vegetative
(Perishable/Fresh)",1.5%,"615,133"
"Food - Potentially Donatable - Eggs, Dairy, and Dairy
Alternatives",0.2%,"98,000"
Food - Potentially Donatable - Meat,0.3%,"111,229"
"Food - Potentially Donatable -
Cooked/Baked/Prepared Perishable Items",0.3%,"114,977"
"Food - Potentially Donatable - Packaged Non-
perishable",1.4%,"577,199"
Food - Not Donatable - Meat,0.9%,"339,542"
Food - Not Donatable - Non-meat,4.0%,"1,587,268"
Food - Inedible,2.3%,"919,601"
Leaves and Grass,2.2%,"883,892"
Prunings and Trimmings,2.8%,"1,127,857"
