Material,"Estimated
Proportion","Estimated
Tonnage"
Paper (category which includes the following material types),4.4%,"344,798"
Corrugated Cardboard,2.3%,"178,617"
Paper Grocery Bags,0.0%,599
Other Paper Bags/Kraft Paper,0.1%,"7,037"
Newspapers/Newspaper Inserts,0.0%,482
White Office-type Paper and Mail,0.1%,"6,456"
Magazines and Catalogs,0.3%,"25,814"
Folding Cartons and Other Paperboard Packaging,0.1%,"9,586"
Aseptic Containers,0.0%,242
Gable-top Cartons,0.0%,274
Paper/Fiber Food Service Ware,0.3%,"23,120"
Other Recyclable Paper,0.4%,"31,087"
Other Paper/Fiber - Packaging,0.1%,"7,775"
Other Compostable Paper,0.3%,"23,931"
Remainder/Composite Paper,0.4%,"29,778"
Plastic (category which includes the following material types),6.2%,"489,491"
PETE Beverage Containers - CRV,0.1%,"7,516"
PETE Bottles and Jars - Non-CRV,0.0%,"1,590"
HDPE Beverage Containers - CRV,0.0%,75
HDPE Bottles and Jars - Non-CRV,0.0%,"2,546"
Expanded Polystyrene Packaging,0.1%,"9,519"
Plastic Trash Bags,0.2%,"17,011"
Plastic Grocery and Other Merchandise Bags,0.0%,"2,337"
Film Products- Non-Packaging,0.4%,"30,837"
Flexible Plastic Pouches,0.0%,176
Non-Bag Commercial and Industrial Packaging Film,0.9%,"72,421"
Other Film Bags and Plastic Mailing Pouches,0.0%,"1,087"
Rigid Plastic Food Service Ware,0.2%,"12,218"
Other Plastic Packaging,0.7%,"51,260"
Durable Plastic Items,3.1%,"243,060"
Remainder/Composite Plastic,0.5%,"37,836"
Glass (category which includes the following material types),1.0%,"79,249"
Clear Glass Bottles and Containers - CRV,0.1%,"8,770"
Clear Glass Bottles and Containers - Non-CRV,0.1%,"7,646"
