Material,"Estimated
Proportion","Estimated
Tonnage"
Food - Inedible,4.1%,"523,581"
Leaves and Grass,2.3%,"300,790"
Prunings and Trimmings,2.1%,"269,876"
Branches and Stumps,0.5%,"60,416"
Manures,1.5%,"191,940"
Clean Dimensional Lumber,0.4%,"48,012"
Clean Engineered Wood,0.5%,"69,334"
Clean Pallets and Crates,0.0%,"4,181"
Treated/Painted/Stained Wood,1.3%,"166,935"
Other Recyclable Wood,0.2%,"24,012"
Remainder/Composite Organic,0.7%,"91,616"
"Inerts and Other
(category which includes the following material types)",2.7%,"347,021"
Concrete,0.5%,"68,935"
Asphalt Roofing,0.1%,"16,660"
Gypsum Board,0.1%,"14,982"
Carpet,0.6%,"71,837"
"Rock, Soil and Fines",0.7%,"93,570"
Remainder/Composite Inerts and Other,0.6%,"81,037"
HHW (category which includes the following material types),0.4%,"50,247"
Paint,0.1%,"17,132"
Used Oil,0.0%,"2,468"
Lead-acid (automotive) batteries,0.1%,"7,483"
Other batteries,0.0%,"3,754"
One-Pound or Less Propane Gas Cylinders,0.0%,679
Pharmaceuticals,0.1%,"11,108"
Remainder/Composite Household Hazardous,0.1%,"7,623"
Special Waste (category which includes the following material types),1.0%,"127,697"
Tires,0.0%,-
Mattresses and Foundations,0.3%,"41,165"
Bulky Items,0.6%,"76,245"
Remainder/Composite Special Waste,0.1%,"10,287"
Miscellaneous (category which includes the following material types),27.8%,"3,561,745"
Textiles - Cloth and Clothing,3.3%,"425,979"
"Textiles - Shoes, Purses, Belts",0.6%,"82,894"
Personal Protective Equipment (PPE),0.3%,"35,696"
