Material,"Estimated
Proportion","Estimated
Tonnage"
Branches and Stumps,1.0%,"399,439"
Manures,0.7%,"279,604"
Clean Dimensional Lumber,2.8%,"1,118,977"
Clean Engineered Wood,1.9%,"751,487"
Clean Pallets and Crates,1.4%,"569,758"
Treated/Painted/Stained Wood,3.4%,"1,362,209"
Other Recyclable Wood,0.2%,"79,780"
Remainder/Composite Organic,0.9%,"369,758"
"Inerts and Other
(category which includes the following material types)",12.0%,"4,770,238"
Concrete,1.9%,"738,847"
Asphalt Roofing,1.4%,"543,279"
Gypsum Board,1.8%,"732,835"
Carpet,1.3%,"531,381"
"Rock, Soil and Fines",2.0%,"794,968"
Remainder/Composite Inerts and Other,3.6%,"1,428,928"
HHW (category which includes the following material types),0.3%,"121,346"
Paint,0.1%,"59,006"
Used Oil,0.0%,"10,504"
Lead-acid (automotive) batteries,0.0%,"6,411"
Other batteries,0.0%,"7,294"
One-Pound or Less Propane Gas Cylinders,0.0%,712
Pharmaceuticals,0.0%,"16,805"
Remainder/Composite Household Hazardous,0.1%,"20,615"
Special Waste (category which includes the following material types),5.2%,"2,071,294"
Tires,0.1%,"42,806"
Mattresses and Foundations,1.1%,"422,281"
Bulky Items,3.6%,"1,433,777"
Remainder/Composite Special Waste,0.4%,"172,430"
Miscellaneous (category which includes the following material types),16.9%,"6,739,781"
Textiles - Cloth and Clothing,2.5%,"982,659"
"Textiles - Shoes, Purses, Belts",0.5%,"201,634"
Personal Protective Equipment (PPE),0.5%,"188,168"
Solar Panels,0.0%,-
Diapers & Sanitary Products,2.4%,"961,992"
Miscellaneous Inorganics,1.5%,"614,673"
