Material,"Estimated
Proportion","Estimated
Tonnage"
Food - Inedible,2.9%,"551,381"
Leaves and Grass,1.2%,"237,692"
Prunings and Trimmings,1.1%,"203,243"
Branches and Stumps,0.2%,"47,686"
Manures,0.8%,"152,013"
Clean Dimensional Lumber,1.4%,"259,834"
Clean Engineered Wood,1.3%,"246,374"
Clean Pallets and Crates,1.9%,"355,674"
Treated/Painted/Stained Wood,1.2%,"230,364"
Other Recyclable Wood,0.2%,"32,873"
Remainder/Composite Organic,1.3%,"247,495"
"Inerts and Other
(category which includes the following material types)",5.5%,"1,048,968"
Concrete,1.0%,"188,851"
Asphalt Roofing,0.1%,"15,590"
Gypsum Board,0.6%,"111,369"
Carpet,0.7%,"132,461"
"Rock, Soil and Fines",1.7%,"321,815"
Remainder/Composite Inerts and Other,1.5%,"278,881"
HHW (category which includes the following material types),0.4%,"74,353"
Paint,0.2%,"43,930"
Used Oil,0.0%,"8,663"
Lead-acid (automotive) batteries,0.0%,-
Other batteries,0.0%,"4,363"
One-Pound or Less Propane Gas Cylinders,0.0%,-
Pharmaceuticals,0.0%,"7,673"
Remainder/Composite Household Hazardous,0.1%,"9,723"
Special Waste (category which includes the following material types),5.8%,"1,110,993"
Tires,0.1%,"21,732"
Mattresses and Foundations,1.6%,"299,435"
Bulky Items,3.1%,"590,101"
Remainder/Composite Special Waste,1.0%,"199,724"
Miscellaneous (category which includes the following material types),16.5%,"3,171,456"
Textiles - Cloth and Clothing,2.3%,"449,653"
"Textiles - Shoes, Purses, Belts",0.7%,"132,323"
Personal Protective Equipment (PPE),0.9%,"178,894"
