Material,"Estimated
Proportion","Estimated
Tonnage"
Durable Plastic Items,2.6%,"497,433"
Remainder/Composite Plastic,1.3%,"259,124"
Glass (category which includes the following material types),3.2%,"623,567"
Clear Glass Bottles and Containers - CRV,0.7%,"140,318"
Clear Glass Bottles and Containers - Non-CRV,0.9%,"178,151"
Green Glass Bottles and Containers - CRV,0.2%,"46,186"
Brown Glass Bottles and Containers - CRV,0.3%,"54,037"
"Green and Brown Glass Bottles and Containers - Non-
CRV",0.4%,"78,735"
Other Colored Glass Bottles and Containers,0.1%,"12,420"
Remainder/Composite Glass,0.6%,"113,720"
Metal (category which includes the following material types),3.6%,"693,576"
Tin/Steel Cans,0.4%,"79,740"
Aluminum Cans - CRV,0.3%,"55,885"
Aluminum Cans - Non-CRV,0.1%,"11,070"
Major Appliances,0.3%,"59,393"
Other Ferrous,1.5%,"287,328"
Other Non-Ferrous,0.4%,"79,640"
Remainder/Composite Metal,0.6%,"120,522"
Electronics (category which includes the following material types),1.4%,"271,724"
Covered Video Display Devices,0.4%,"86,229"
Consumer Electronics and Small Equipment,0.6%,"108,708"
Large Equipment,0.4%,"76,787"
Organics (category which includes the following material types),24.7%,"4,751,847"
"Food - Potentially Donatable - Vegetative
(Perishable/Fresh)",2.1%,"401,467"
"Food - Potentially Donatable - Eggs, Dairy, and Dairy
Alternatives",0.4%,"81,376"
Food - Potentially Donatable - Meat,0.4%,"81,611"
"Food - Potentially Donatable -
Cooked/Baked/Prepared Perishable Items",0.4%,"70,095"
"Food - Potentially Donatable - Packaged Non-
perishable",2.1%,"404,806"
Food - Not Donatable - Meat,1.1%,"205,401"
Food - Not Donatable - Non-meat,4.9%,"942,462"
