Material,"Estimated
Proportion","Estimated
Tonnage"
Paper (category which includes the following material types),17.6%,"4,216,910"
Corrugated Cardboard,5.9%,"1,402,563"
Paper Grocery Bags,0.1%,"28,803"
Other Paper Bags/Kraft Paper,0.4%,"93,326"
Newspapers/Newspaper Inserts,0.4%,"98,010"
White Office-type Paper and Mail,0.8%,"183,442"
Magazines and Catalogs,0.3%,"76,301"
Folding Cartons and Other Paperboard Packaging,1.6%,"389,855"
Aseptic Containers,0.1%,"18,320"
Gable-top Cartons,0.2%,"40,066"
Paper/Fiber Food Service Ware,1.9%,"456,814"
Other Recyclable Paper,1.1%,"262,406"
Other Paper/Fiber - Packaging,0.7%,"174,482"
Other Compostable Paper,3.3%,"801,662"
Remainder/Composite Paper,0.8%,"190,859"
Plastic (category which includes the following material types),15.0%,"3,584,138"
PETE Beverage Containers - CRV,0.5%,"120,818"
PETE Bottles and Jars - Non-CRV,0.2%,"49,570"
HDPE Beverage Containers - CRV,0.1%,"14,188"
HDPE Bottles and Jars - Non-CRV,0.4%,"84,305"
Expanded Polystyrene Packaging,0.2%,"47,419"
Plastic Trash Bags,2.1%,"512,159"
Plastic Grocery and Other Merchandise Bags,0.7%,"158,374"
Film Products- Non-Packaging,0.6%,"138,663"
Flexible Plastic Pouches,0.1%,"26,076"
Non-Bag Commercial and Industrial Packaging Film,1.5%,"354,885"
Other Film Bags and Plastic Mailing Pouches,0.4%,"107,660"
Rigid Plastic Food Service Ware,1.2%,"291,608"
Other Plastic Packaging,3.7%,"884,055"
Durable Plastic Items,1.7%,"406,221"
Remainder/Composite Plastic,1.6%,"388,138"
Glass (category which includes the following material types),1.6%,"371,388"
Clear Glass Bottles and Containers - CRV,0.3%,"74,620"
