Material,"Estimated
Proportion"
Green Glass Bottles and Containers - CRV,0.4%
Brown Glass Bottles and Containers - CRV,0.7%
Green and Brown Glass Bottles and Containers - Non-CRV,0.9%
Other Colored Glass Bottles and Containers,0.2%
Remainder/Composite Glass,0.8%
Metal (category which includes the following material types),2.7%
Tin/Steel Cans,0.6%
Aluminum Cans - CRV,0.4%
Aluminum Cans - Non-CRV,0.1%
Major Appliances,0.0%
Other Ferrous,0.7%
Other Non-Ferrous,0.4%
Remainder/Composite Metal,0.5%
Electronics (category which includes the following material types),1.8%
Covered Video Display Devices,0.3%
Consumer Electronics and Small Equipment,1.1%
Large Equipment,0.5%
Organics (category which includes the following material types),27.8%
Food - Potentially Donatable - Vegetative (Perishable/Fresh),3.1%
"Food - Potentially Donatable - Eggs, Dairy, and Dairy Alternatives",0.9%
Food - Potentially Donatable - Meat,1.0%
"Food - Potentially Donatable - Cooked/Baked/Prepared Perishable
Items",0.9%
Food - Potentially Donatable - Packaged Non-perishable,4.3%
Food - Not Donatable - Meat,1.6%
Food - Not Donatable - Non-meat,8.3%
Food - Inedible,3.7%
Leaves and Grass,0.5%
Prunings and Trimmings,0.2%
Branches and Stumps,0.0%
Manures,0.0%
Clean Dimensional Lumber,0.3%
Clean Engineered Wood,0.2%
Clean Pallets and Crates,0.3%
Treated/Painted/Stained Wood,1.7%
Other Recyclable Wood,0.1%
