Material,"Estimated
Proportion","Estimated
Tonnage"
Paper (category which includes the following material types),21.2%,"4,081,117"
Corrugated Cardboard,6.9%,"1,320,833"
Paper Grocery Bags,0.1%,"22,515"
Other Paper Bags/Kraft Paper,0.4%,"85,702"
Newspapers/Newspaper Inserts,0.4%,"75,355"
White Office-type Paper and Mail,0.7%,"137,394"
Magazines and Catalogs,0.3%,"55,173"
Folding Cartons and Other Paperboard Packaging,1.7%,"319,390"
Aseptic Containers,0.2%,"35,744"
Gable-top Cartons,0.2%,"35,024"
Paper/Fiber Food Service Ware,2.5%,"481,898"
Other Recyclable Paper,1.7%,"332,873"
Other Paper/Fiber - Packaging,1.3%,"246,548"
Other Compostable Paper,4.1%,"786,188"
Remainder/Composite Paper,0.8%,"146,480"
Plastic (category which includes the following material types),17.6%,"3,378,755"
PETE Beverage Containers - CRV,0.9%,"181,542"
PETE Bottles and Jars - Non-CRV,0.2%,"46,131"
HDPE Beverage Containers - CRV,0.1%,"14,497"
HDPE Bottles and Jars - Non-CRV,0.6%,"111,060"
Expanded Polystyrene Packaging,0.3%,"50,759"
Plastic Trash Bags,2.0%,"378,487"
Plastic Grocery and Other Merchandise Bags,0.6%,"112,722"
Film Products- Non-Packaging,0.8%,"148,581"
Flexible Plastic Pouches,0.0%,"5,296"
Non-Bag Commercial and Industrial Packaging Film,2.6%,"499,982"
Other Film Bags and Plastic Mailing Pouches,0.3%,"64,415"
Rigid Plastic Food Service Ware,1.6%,"311,743"
Other Plastic Packaging,3.6%,"696,980"
