Material,"Estimated
Proportion","Estimated
Tonnage"
Durable Plastic Items,1.2%,"152,237"
Remainder/Composite Plastic,1.2%,"158,780"
Glass (category which includes the following material types),2.7%,"342,280"
Clear Glass Bottles and Containers - CRV,0.5%,"67,445"
Clear Glass Bottles and Containers - Non-CRV,0.9%,"117,736"
Green Glass Bottles and Containers - CRV,0.1%,"15,688"
Brown Glass Bottles and Containers - CRV,0.2%,"32,014"
"Green and Brown Glass Bottles and Containers - Non-
CRV",0.4%,"54,856"
Other Colored Glass Bottles and Containers,0.1%,"9,818"
Remainder/Composite Glass,0.3%,"44,723"
Metal (category which includes the following material types),3.9%,"593,571"
Tin/Steel Cans,0.8%,"96,447"
Aluminum Cans - CRV,0.3%,"41,728"
Aluminum Cans - Non-CRV,0.2%,"22,101"
Major Appliances,0.0%,"4,457"
Other Ferrous,1.0%,"131,961"
Other Non-Ferrous,0.6%,"80,521"
Remainder/Composite Metal,1.0%,"125,864"
Electronics (category which includes the following material types),0.7%,"90,493"
Covered Video Display Devices,0.0%,-
Consumer Electronics and Small Equipment,0.5%,"66,407"
Large Equipment,0.2%,"24,086"
Organics (category which includes the following material types),27.0%,"3,452,551"
"Food - Potentially Donatable - Vegetative
(Perishable/Fresh)",2.0%,"251,163"
"Food - Potentially Donatable - Eggs, Dairy, and Dairy
Alternatives",0.3%,"38,031"
Food - Potentially Donatable - Meat,0.3%,"40,791"
"Food - Potentially Donatable -
Cooked/Baked/Prepared Perishable Items",0.5%,"66,666"
"Food - Potentially Donatable - Packaged Non-
perishable",2.1%,"262,713"
Food - Not Donatable - Meat,1.4%,"183,677"
Food - Not Donatable - Non-meat,6.7%,"858,815"
