Material,"Estimated
Proportion","Estimated
Tonnage"
Paper (category which includes the following material types),18.4%,"2,358,482"
Corrugated Cardboard,1.8%,"226,676"
Paper Grocery Bags,0.1%,"15,361"
Other Paper Bags/Kraft Paper,0.6%,"71,145"
Newspapers/Newspaper Inserts,0.4%,"45,864"
White Office-type Paper and Mail,0.8%,"105,282"
Magazines and Catalogs,0.5%,"66,928"
Folding Cartons and Other Paperboard Packaging,1.7%,"214,417"
Aseptic Containers,0.1%,"14,868"
Gable-top Cartons,0.2%,"20,911"
Paper/Fiber Food Service Ware,3.5%,"452,316"
Other Recyclable Paper,1.5%,"197,131"
Other Paper/Fiber - Packaging,0.8%,"101,070"
Other Compostable Paper,6.1%,"775,280"
Remainder/Composite Paper,0.4%,"51,234"
Plastic (category which includes the following material types),15.4%,"1,976,620"
PETE Beverage Containers - CRV,0.7%,"88,242"
PETE Bottles and Jars - Non-CRV,0.4%,"46,682"
HDPE Beverage Containers - CRV,0.1%,"12,760"
HDPE Bottles and Jars - Non-CRV,0.6%,"71,883"
Expanded Polystyrene Packaging,0.3%,"32,858"
Plastic Trash Bags,1.9%,"241,802"
Plastic Grocery and Other Merchandise Bags,1.1%,"139,479"
Film Products- Non-Packaging,0.3%,"33,704"
Flexible Plastic Pouches,0.1%,"8,564"
Non-Bag Commercial and Industrial Packaging Film,0.3%,"33,418"
Other Film Bags and Plastic Mailing Pouches,0.8%,"104,418"
Rigid Plastic Food Service Ware,1.9%,"243,918"
Other Plastic Packaging,4.7%,"607,875"
