Material,"Estimated
Proportion","Estimated
Tonnage"
Clear Glass Bottles and Containers - Non-CRV,0.4%,"95,683"
Green Glass Bottles and Containers - CRV,0.1%,"27,257"
Brown Glass Bottles and Containers - CRV,0.2%,"55,543"
"Green and Brown Glass Bottles and Containers - Non-
CRV",0.2%,"55,304"
Other Colored Glass Bottles and Containers,0.0%,"8,823"
Remainder/Composite Glass,0.2%,"54,157"
Metal (category which includes the following material types),4.9%,"1,178,624"
Tin/Steel Cans,0.3%,"76,804"
Aluminum Cans - CRV,0.2%,"54,492"
Aluminum Cans - Non-CRV,0.1%,"15,284"
Major Appliances,0.4%,"97,611"
Other Ferrous,2.8%,"671,132"
Other Non-Ferrous,0.5%,"117,414"
Remainder/Composite Metal,0.6%,"145,887"
Electronics (category which includes the following material types),0.7%,"157,152"
Covered Video Display Devices,0.0%,-
Consumer Electronics and Small Equipment,0.3%,"66,042"
Large Equipment,0.4%,"91,111"
Organics (category which includes the following material types),22.8%,"5,459,622"
"Food - Potentially Donatable - Vegetative
(Perishable/Fresh)",0.5%,"116,034"
"Food - Potentially Donatable - Eggs, Dairy, and Dairy
Alternatives",0.1%,"20,759"
Food - Potentially Donatable - Meat,0.1%,"34,050"
"Food - Potentially Donatable -
Cooked/Baked/Prepared Perishable Items",0.1%,"27,326"
"Food - Potentially Donatable - Packaged Non-
perishable",0.9%,"206,844"
Food - Not Donatable - Meat,0.5%,"125,658"
Food - Not Donatable - Non-meat,2.5%,"587,573"
Food - Inedible,1.1%,"273,110"
Leaves and Grass,4.3%,"1,021,034"
Prunings and Trimmings,2.0%,"488,397"
Branches and Stumps,1.0%,"248,019"
Manures,0.0%,"7,168"
Clean Dimensional Lumber,2.6%,"613,696"
Clean Engineered Wood,2.3%,"546,373"
