Material,"Estimated
Proportion","Estimated
Tonnage"
Green Glass Bottles and Containers - CRV,0.0%,"1,825"
Brown Glass Bottles and Containers - CRV,0.0%,"3,025"
"Green and Brown Glass Bottles and Containers - Non-
CRV",0.1%,"4,791"
Other Colored Glass Bottles and Containers,0.0%,992
Remainder/Composite Glass,0.7%,"52,202"
Metal (category which includes the following material types),7.6%,"600,161"
Tin/Steel Cans,0.1%,"9,078"
Aluminum Cans - CRV,0.0%,"3,115"
Aluminum Cans - Non-CRV,0.0%,350
Major Appliances,0.9%,"72,310"
Other Ferrous,4.9%,"384,798"
Other Non-Ferrous,1.1%,"87,585"
Remainder/Composite Metal,0.5%,"42,925"
Electronics (category which includes the following material types),0.4%,"28,294"
Covered Video Display Devices,0.0%,-
Consumer Electronics and Small Equipment,0.3%,"24,760"
Large Equipment,0.0%,"3,535"
Organics (category which includes the following material types),36.4%,"2,858,072"
"Food - Potentially Donatable - Vegetative
(Perishable/Fresh)",0.7%,"58,585"
"Food - Potentially Donatable - Eggs, Dairy, and Dairy
Alternatives",0.0%,885
Food - Potentially Donatable - Meat,0.1%,"7,157"
"Food - Potentially Donatable -
Cooked/Baked/Prepared Perishable Items",0.0%,835
"Food - Potentially Donatable - Packaged Non-
perishable",0.2%,"12,470"
Food - Not Donatable - Meat,0.1%,"6,624"
Food - Not Donatable - Non-meat,0.5%,"40,441"
Food - Inedible,0.1%,"11,732"
Leaves and Grass,2.7%,"212,595"
Prunings and Trimmings,6.2%,"483,851"
Branches and Stumps,2.5%,"198,123"
Manures,0.0%,-
Clean Dimensional Lumber,7.3%,"570,338"
Clean Engineered Wood,3.9%,"306,701"
Clean Pallets and Crates,2.5%,"198,576"
