Material,"Estimated
Proportion","Estimated
Tonnage"
Clean Pallets and Crates,0.7%,"159,155"
Treated/Painted/Stained Wood,3.4%,"808,249"
Other Recyclable Wood,0.4%,"86,375"
Remainder/Composite Organic,0.4%,"89,804"
"Inerts and Other
(category which includes the following material types)",8.3%,"1,979,678"
Concrete,1.5%,"358,316"
Asphalt Roofing,0.7%,"159,803"
Gypsum Board,1.3%,"309,550"
Carpet,1.6%,"371,494"
"Rock, Soil and Fines",0.8%,"193,752"
Remainder/Composite Inerts and Other,2.5%,"586,763"
HHW (category which includes the following material types),0.2%,"37,049"
Paint,0.1%,"18,883"
Used Oil,0.0%,"1,924"
Lead-acid (automotive) batteries,0.0%,-
Other batteries,0.0%,"3,679"
One-Pound or Less Propane Gas Cylinders,0.0%,874
Pharmaceuticals,0.0%,"9,642"
Remainder/Composite Household Hazardous,0.0%,"2,047"
Special Waste (category which includes the following material types),4.8%,"1,155,039"
Tires,0.3%,"71,004"
Mattresses and Foundations,1.1%,"257,345"
Bulky Items,3.2%,"771,674"
Remainder/Composite Special Waste,0.2%,"55,015"
Miscellaneous (category which includes the following material types),24.2%,"5,790,722"
Textiles - Cloth and Clothing,3.7%,"894,924"
"Textiles - Shoes, Purses, Belts",0.6%,"143,216"
Personal Protective Equipment (PPE),0.5%,"122,462"
Solar Panels,0.0%,-
Diapers & Sanitary Products,1.9%,"466,383"
Miscellaneous Inorganics,2.0%,"472,383"
Mixed Residue,15.4%,"3,691,355"
Total,100.0%,"23,930,322"
