Material,"Estimated
Proportion"
Remainder/Composite Organic,0.8%
Inerts and Other (category which includes the following material types),2.2%
Concrete,0.3%
Asphalt Roofing,0.2%
Gypsum Board,0.2%
Carpet,0.1%
"Rock, Soil and Fines",0.4%
Remainder/Composite Inerts and Other,1.0%
HHW (category which includes the following material types),0.3%
Paint,0.1%
Used Oil,0.0%
Lead-acid (automotive) batteries,0.0%
Other batteries,0.0%
One-Pound or Less Propane Gas Cylinders,0.0%
Pharmaceuticals,0.1%
Remainder/Composite Household Hazardous,0.0%
Special Waste (category which includes the following material types),2.0%
Tires,0.1%
Mattresses and Foundations,0.0%
Bulky Items,1.8%
Remainder/Composite Special Waste,0.1%
Miscellaneous (category which includes the following material types),23.4%
Textiles - Cloth and Clothing,3.2%
"Textiles - Shoes, Purses, Belts",1.3%
Personal Protective Equipment (PPE),0.2%
Solar Panels,0.0%
Diapers & Sanitary Products,4.4%
Miscellaneous Inorganics,2.4%
Mixed Residue,11.9%
Total,100.0%
