[
  {
    "meta": {
      "page": 3,
      "table_index": 0,
      "rows": 33,
      "columns": 3,
      "file_path": "/home/ubuntu/waste_analytics_project/data/table_page3_idx0.csv"
    },
    "title": "Table Statewide Disposal",
    "file_path": "/home/ubuntu/waste_analytics_project/data/table_page3_idx0.csv"
  },
  {
    "meta": {
      "page": 4,
      "table_index": 0,
      "rows": 29,
      "columns": 3,
      "file_path": "/home/ubuntu/waste_analytics_project/data/table_page4_idx0.csv"
    },
    "title": null,
    "file_path": "/home/ubuntu/waste_analytics_project/data/table_page4_idx0.csv"
  },
  {
    "meta": {
      "page": 5,
      "table_index": 0,
      "rows": 35,
      "columns": 3,
      "file_path": "/home/ubuntu/waste_analytics_project/data/table_page5_idx0.csv"
    },
    "title": null,
    "file_path": "/home/ubuntu/waste_analytics_project/data/table_page5_idx0.csv"
  },
  {
    "meta": {
      "page": 6,
      "table_index": 0,
      "rows": 2,
      "columns": 3,
      "file_path": "/home/ubuntu/waste_analytics_project/data/table_page6_idx0.csv"
    },
    "title": null,
    "file_path": "/home/ubuntu/waste_analytics_project/data/table_page6_idx0.csv"
  },
  {
    "meta": {
      "page": 7,
      "table_index": 0,
      "rows": 29,
      "columns": 3,
      "file_path": "/home/ubuntu/waste_analytics_project/data/table_page7_idx0.csv"
    },
    "title": "Table Franchised Residential (Single-family)",
    "file_path": "/home/ubuntu/waste_analytics_project/data/table_page7_idx0.csv"
  },
  {
    "meta": {
      "page": 8,
      "table_index": 0,
      "rows": 30,
      "columns": 3,
      "file_path": "/home/ubuntu/waste_analytics_project/data/table_page8_idx0.csv"
    },
    "title": null,
    "file_path": "/home/ubuntu/waste_analytics_project/data/table_page8_idx0.csv"
  },
  {
    "meta": {
      "page": 9,
      "table_index": 0,
      "rows": 35,
      "columns": 3,
      "file_path": "/home/ubuntu/waste_analytics_project/data/table_page9_idx0.csv"
    },
    "title": null,
    "file_path": "/home/ubuntu/waste_analytics_project/data/table_page9_idx0.csv"
  },
  {
    "meta": {
      "page": 10,
      "table_index": 0,
      "rows": 5,
      "columns": 3,
      "file_path": "/home/ubuntu/waste_analytics_project/data/table_page10_idx0.csv"
    },
    "title": null,
    "file_path": "/home/ubuntu/waste_analytics_project/data/table_page10_idx0.csv"
  },
  {
    "meta": {
      "page": 11,
      "table_index": 0,
      "rows": 29,
      "columns": 3,
      "file_path": "/home/ubuntu/waste_analytics_project/data/table_page11_idx0.csv"
    },
    "title": "Table Franchised Commercial (including Multi-",
    "file_path": "/home/ubuntu/waste_analytics_project/data/table_page11_idx0.csv"
  },
  {
    "meta": {
      "page": 12,
      "table_index": 0,
      "rows": 30,
      "columns": 3,
      "file_path": "/home/ubuntu/waste_analytics_project/data/table_page12_idx0.csv"
    },
    "title": null,
    "file_path": "/home/ubuntu/waste_analytics_project/data/table_page12_idx0.csv"
  },
  {
    "meta": {
      "page": 13,
      "table_index": 0,
      "rows": 35,
      "columns": 3,
      "file_path": "/home/ubuntu/waste_analytics_project/data/table_page13_idx0.csv"
    },
    "title": null,
    "file_path": "/home/ubuntu/waste_analytics_project/data/table_page13_idx0.csv"
  },
  {
    "meta": {
      "page": 14,
      "table_index": 0,
      "rows": 5,
      "columns": 3,
      "file_path": "/home/ubuntu/waste_analytics_project/data/table_page14_idx0.csv"
    },
    "title": null,
    "file_path": "/home/ubuntu/waste_analytics_project/data/table_page14_idx0.csv"
  },
  {
    "meta": {
      "page": 15,
      "table_index": 0,
      "rows": 34,
      "columns": 3,
      "file_path": "/home/ubuntu/waste_analytics_project/data/table_page15_idx0.csv"
    },
    "title": "Table Self-Hauled Statewide Disposal",
    "file_path": "/home/ubuntu/waste_analytics_project/data/table_page15_idx0.csv"
  },
  {
    "meta": {
      "page": 16,
      "table_index": 0,
      "rows": 33,
      "columns": 3,
      "file_path": "/home/ubuntu/waste_analytics_project/data/table_page16_idx0.csv"
    },
    "title": null,
    "file_path": "/home/ubuntu/waste_analytics_project/data/table_page16_idx0.csv"
  },
  {
    "meta": {
      "page": 17,
      "table_index": 0,
      "rows": 32,
      "columns": 3,
      "file_path": "/home/ubuntu/waste_analytics_project/data/table_page17_idx0.csv"
    },
    "title": null,
    "file_path": "/home/ubuntu/waste_analytics_project/data/table_page17_idx0.csv"
  },
  {
    "meta": {
      "page": 18,
      "table_index": 0,
      "rows": 33,
      "columns": 3,
      "file_path": "/home/ubuntu/waste_analytics_project/data/table_page18_idx0.csv"
    },
    "title": "Table Transfer Truck Waste Statewide",
    "file_path": "/home/ubuntu/waste_analytics_project/data/table_page18_idx0.csv"
  },
  {
    "meta": {
      "page": 19,
      "table_index": 0,
      "rows": 33,
      "columns": 3,
      "file_path": "/home/ubuntu/waste_analytics_project/data/table_page19_idx0.csv"
    },
    "title": null,
    "file_path": "/home/ubuntu/waste_analytics_project/data/table_page19_idx0.csv"
  },
  {
    "meta": {
      "page": 20,
      "table_index": 0,
      "rows": 33,
      "columns": 3,
      "file_path": "/home/ubuntu/waste_analytics_project/data/table_page20_idx0.csv"
    },
    "title": null,
    "file_path": "/home/ubuntu/waste_analytics_project/data/table_page20_idx0.csv"
  },
  {
    "meta": {
      "page": 21,
      "table_index": 0,
      "rows": 34,
      "columns": 2,
      "file_path": "/home/ubuntu/waste_analytics_project/data/table_page21_idx0.csv"
    },
    "title": null,
    "file_path": "/home/ubuntu/waste_analytics_project/data/table_page21_idx0.csv"
  },
  {
    "meta": {
      "page": 22,
      "table_index": 0,
      "rows": 35,
      "columns": 2,
      "file_path": "/home/ubuntu/waste_analytics_project/data/table_page22_idx0.csv"
    },
    "title": null,
    "file_path": "/home/ubuntu/waste_analytics_project/data/table_page22_idx0.csv"
  },
  {
    "meta": {
      "page": 23,
      "table_index": 0,
      "rows": 30,
      "columns": 2,
      "file_path": "/home/ubuntu/waste_analytics_project/data/table_page23_idx0.csv"
    },
    "title": null,
    "file_path": "/home/ubuntu/waste_analytics_project/data/table_page23_idx0.csv"
  }
]